serial_no;sku_serial_no;sku;label;qr_code
9451;1;reserved;circularity.id/7zRscufL;https://circularity.id/sFGkgD84
9452;2;reserved;circularity.id/2Ub2oHkn;https://circularity.id/cSQrnGNV
9453;3;reserved;circularity.id/M4hNnjSK;https://circularity.id/utLYVnos
9454;4;reserved;circularity.id/6LVjikz8;https://circularity.id/uLMGMT1Y
9455;5;reserved;circularity.id/pGBr8BFp;https://circularity.id/pjCQcd2e
9456;6;reserved;circularity.id/EG5fY3Bd;https://circularity.id/X7LksXQf
9457;7;reserved;circularity.id/Ynttxuut;https://circularity.id/FnGpLQfm
9458;8;reserved;circularity.id/TXWLmcip;https://circularity.id/7oApQUoF
9459;9;reserved;circularity.id/j5RemHcq;https://circularity.id/shf5Mnan
9460;10;reserved;circularity.id/2r8emkBc;https://circularity.id/r13sVvw8
9461;11;reserved;circularity.id/GDCPrPG9;https://circularity.id/BPVgpRsw
9462;12;reserved;circularity.id/CGvJ1zqL;https://circularity.id/JLsyud6E
9463;13;reserved;circularity.id/jzHtbvPa;https://circularity.id/fUFkiqYi
9464;14;reserved;circularity.id/6EymGuYy;https://circularity.id/9GBg4rHr
9465;15;reserved;circularity.id/g3JTgtw4;https://circularity.id/hz5bQivq
9466;16;reserved;circularity.id/eEVD4iC3;https://circularity.id/et8KMGEU
9467;17;reserved;circularity.id/yPySFgJg;https://circularity.id/5f43SdnD
9468;18;reserved;circularity.id/arMr5Js1;https://circularity.id/fWpvt1nJ
9469;19;reserved;circularity.id/bap3PdVH;https://circularity.id/dpeXx7iX
9470;20;reserved;circularity.id/TiUCoQf6;https://circularity.id/STB62miJ
9471;21;reserved;circularity.id/ZNVAkqFY;https://circularity.id/TVYWgENX
9472;22;reserved;circularity.id/co7gnuf9;https://circularity.id/x6H9RFMy
9473;23;reserved;circularity.id/Q4hJdFrx;https://circularity.id/outprsGH
9474;24;reserved;circularity.id/1YRhwnh6;https://circularity.id/zo2yVi3y
9475;25;reserved;circularity.id/53HmXsnm;https://circularity.id/GHVeyRX8
9476;26;reserved;circularity.id/FSUiqXz1;https://circularity.id/1zKJKA5x
9477;27;reserved;circularity.id/rPGaaHWq;https://circularity.id/yfaHSRbj
9478;28;reserved;circularity.id/e5TinkzT;https://circularity.id/D5Jkke27
9479;29;reserved;circularity.id/hFSuVQbA;https://circularity.id/1PDfKLrH
9480;30;reserved;circularity.id/VVmwDmQt;https://circularity.id/Hdb62q1E
9481;31;reserved;circularity.id/grkFbFex;https://circularity.id/S5fe7MDY
9482;32;reserved;circularity.id/QcBMhf9q;https://circularity.id/iQjPmUoK
9483;33;reserved;circularity.id/QCnqZ1Lv;https://circularity.id/EbrqY9Cw
9484;34;reserved;circularity.id/x6xdRj8x;https://circularity.id/nLqUBaBX
9485;35;reserved;circularity.id/FwmCECR8;https://circularity.id/gw8xcdxZ
9486;36;reserved;circularity.id/HF7MJxPs;https://circularity.id/yEbgEM1Q
9487;37;reserved;circularity.id/kCLaFm1a;https://circularity.id/nzZoeEE6
9488;38;reserved;circularity.id/cwmHNdEv;https://circularity.id/NbengxXJ
9489;39;reserved;circularity.id/jJRDznbm;https://circularity.id/yxn49MD4
9490;40;reserved;circularity.id/hf8H2AQp;https://circularity.id/3Atanmne
9491;41;reserved;circularity.id/FnCPx9ws;https://circularity.id/Ld9j5sTw
9492;42;reserved;circularity.id/MvHMXmxh;https://circularity.id/n331JPgz
9493;43;reserved;circularity.id/FozAewiq;https://circularity.id/DVgHusAX
9494;44;reserved;circularity.id/Sdmft9TS;https://circularity.id/Hxwn9C64
9495;45;reserved;circularity.id/3FpV4Bvv;https://circularity.id/zwo2DDmc
9496;46;reserved;circularity.id/yCm2LVhR;https://circularity.id/TKBtY5SG
9497;47;reserved;circularity.id/yf5k4cKe;https://circularity.id/9gFPBrwN
9498;48;reserved;circularity.id/YX3tyvD9;https://circularity.id/Z67cisUE
9499;49;reserved;circularity.id/rGqCmY2B;https://circularity.id/mtTaxMtd
9500;50;reserved;circularity.id/Pjvfgzxc;https://circularity.id/3qVRiPGj
9501;51;reserved;circularity.id/vL3QReeq;https://circularity.id/VUxkE7Ep
9502;52;reserved;circularity.id/NnpiCS9N;https://circularity.id/cwXWtN4F
9503;53;reserved;circularity.id/fvyES7JV;https://circularity.id/kjGBw9wZ
9504;54;reserved;circularity.id/WmZGgNvx;https://circularity.id/ykV4DZ7b
9505;55;reserved;circularity.id/toM4DQCB;https://circularity.id/X54ETw76
9506;56;reserved;circularity.id/zG7iWhdu;https://circularity.id/fRhcGJLX
9507;57;reserved;circularity.id/y5hy7jdj;https://circularity.id/Dbo4dkpL
9508;58;reserved;circularity.id/eyhhCzTe;https://circularity.id/Rs3nXnR3
9509;59;reserved;circularity.id/YgmK96yg;https://circularity.id/ivDFYvEy
9510;60;reserved;circularity.id/SXmFmw4z;https://circularity.id/pb2E2ujb
9511;61;reserved;circularity.id/ZDt9vre2;https://circularity.id/vTG2H7zg
9512;62;reserved;circularity.id/evEdEaAu;https://circularity.id/bUZjUvEo
9513;63;reserved;circularity.id/3AQxTMFU;https://circularity.id/3J33PLn7
9514;64;reserved;circularity.id/CwZfAmtQ;https://circularity.id/EPJbQNwR
9515;65;reserved;circularity.id/G5UgGKoL;https://circularity.id/P9Tj5R34
9516;66;reserved;circularity.id/9y9xtdd9;https://circularity.id/ZJqFmJhH
9517;67;reserved;circularity.id/NZbCRNxe;https://circularity.id/jKNgJeoS
9518;68;reserved;circularity.id/yscgKwZW;https://circularity.id/weEhMWpS
9519;69;reserved;circularity.id/ojuRMNih;https://circularity.id/Jp3GEwM6
9520;70;reserved;circularity.id/VvFV2jKU;https://circularity.id/sgTLy5eu
9521;71;reserved;circularity.id/pLrwctDV;https://circularity.id/kfTWQ9HR
9522;72;reserved;circularity.id/a2h3VUUU;https://circularity.id/NSs33YXU
9523;73;reserved;circularity.id/F9ezQeri;https://circularity.id/WCc1g9Tn
9524;74;reserved;circularity.id/yZhZngMj;https://circularity.id/Y4WYgL8e
9525;75;reserved;circularity.id/hgLTWVDj;https://circularity.id/uxPZX9cv
9526;76;reserved;circularity.id/gxd544Zs;https://circularity.id/mB8WxjmC
9527;77;reserved;circularity.id/NdLDXiRJ;https://circularity.id/VSDuuyki
9528;78;reserved;circularity.id/GctqoEDW;https://circularity.id/xL1cNfXr
9529;79;reserved;circularity.id/w8M3VSNu;https://circularity.id/nyH5szWg
9530;80;reserved;circularity.id/7eqgQStZ;https://circularity.id/zyqKMSan
9531;81;reserved;circularity.id/VRaTLVSp;https://circularity.id/EWomULVf
9532;82;reserved;circularity.id/1eThr5R3;https://circularity.id/duxaL36M
9533;83;reserved;circularity.id/z32hWVH2;https://circularity.id/AbB3tvvs
9534;84;reserved;circularity.id/AeVVFuRt;https://circularity.id/kqyjNAFS
9535;85;reserved;circularity.id/TXait3ub;https://circularity.id/pfSWDoL5
9536;86;reserved;circularity.id/hk3tNFAd;https://circularity.id/JVEHWkLZ
9537;87;reserved;circularity.id/v5SZzV2a;https://circularity.id/4YwU4Ea5
9538;88;reserved;circularity.id/6JYaB43P;https://circularity.id/QsLtG9Bt
9539;89;reserved;circularity.id/PEGQPaLj;https://circularity.id/Ji9pLyuj
9540;90;reserved;circularity.id/kYczG5f3;https://circularity.id/snTFMRGx
9541;91;reserved;circularity.id/GsMZJDBx;https://circularity.id/Pce7tN6y
9542;92;reserved;circularity.id/cH6x1BqL;https://circularity.id/8wQgKRDV
9543;93;reserved;circularity.id/QGbuXGcG;https://circularity.id/7JuRf7Ro
9544;94;reserved;circularity.id/Lt1Z66Hd;https://circularity.id/RiSQfM4f
9545;95;reserved;circularity.id/VBhZZjFM;https://circularity.id/gc3TDAes
9546;96;reserved;circularity.id/6DLxN2FD;https://circularity.id/iKLUT8me
9547;97;reserved;circularity.id/FewhizAS;https://circularity.id/61reAbQe
9548;98;reserved;circularity.id/b7Hx7qqL;https://circularity.id/Gp5H1njP
9549;99;reserved;circularity.id/FYMwexbh;https://circularity.id/WRM6Fgh9
9550;100;reserved;circularity.id/XoGx5AdP;https://circularity.id/hE4CMFrC
9551;101;reserved;circularity.id/uJbd76TF;https://circularity.id/RZR2GJa8
9552;102;reserved;circularity.id/eVNQGGKg;https://circularity.id/JRZSisyE
9553;103;reserved;circularity.id/7g2nEpit;https://circularity.id/BUbzqmBR
9554;104;reserved;circularity.id/Tekhyq9g;https://circularity.id/VgMRcrsZ
9555;105;reserved;circularity.id/DWFfWF5o;https://circularity.id/yWcPcrbM
9556;106;reserved;circularity.id/3dBJiyEt;https://circularity.id/wnVQabbg
9557;107;reserved;circularity.id/y53qjTnB;https://circularity.id/ECFeQjTp
9558;108;reserved;circularity.id/wRUy2VNP;https://circularity.id/A7z25bpG
9559;109;reserved;circularity.id/THp9XEVS;https://circularity.id/wxyTYGiw
9560;110;reserved;circularity.id/YyLeFCAn;https://circularity.id/kKVricXS
9561;111;reserved;circularity.id/WGSkg3Da;https://circularity.id/tfkDoiov
9562;112;reserved;circularity.id/BGRfQfRE;https://circularity.id/3o3kfCci
9563;113;reserved;circularity.id/WNQQjCc1;https://circularity.id/7iZPDYVj
9564;114;reserved;circularity.id/6MWLhmNx;https://circularity.id/AtXhJVUk
9565;115;reserved;circularity.id/WSFy7ZPe;https://circularity.id/GsjhGmYh
9566;116;reserved;circularity.id/YKKXh9jF;https://circularity.id/XRi2TanX
9567;117;reserved;circularity.id/LuZSqbMv;https://circularity.id/1VjDjfWD
9568;118;reserved;circularity.id/RQV13iK3;https://circularity.id/Z2pyo6ZE
9569;119;reserved;circularity.id/8waZ1xMZ;https://circularity.id/bmYiv4UT
9570;120;reserved;circularity.id/d6gsDYJo;https://circularity.id/yXsaYMwR
9571;121;reserved;circularity.id/Rb4qPwRH;https://circularity.id/X5scXP8s
9572;122;reserved;circularity.id/46maxGfH;https://circularity.id/4RdBfvVE
9573;123;reserved;circularity.id/2uzfModw;https://circularity.id/9S8wJANV
9574;124;reserved;circularity.id/ZSsAPM14;https://circularity.id/n6Gzkfw7
9575;125;reserved;circularity.id/U4Th1ird;https://circularity.id/My1jD5i7
9576;126;reserved;circularity.id/NeM696Se;https://circularity.id/TgaZ3oob
9577;127;reserved;circularity.id/g7wSTXpZ;https://circularity.id/pVRSvSSo
9578;128;reserved;circularity.id/dap28Tcv;https://circularity.id/m7Qq6d3w
9579;129;reserved;circularity.id/H41stzpz;https://circularity.id/KiPEw16U
9580;130;reserved;circularity.id/muCnZRJr;https://circularity.id/y6tnUeax
9581;131;reserved;circularity.id/RtKKhds7;https://circularity.id/gtMkDR3J
9582;132;reserved;circularity.id/JjzMBRCr;https://circularity.id/N5E4SdsZ
9583;133;reserved;circularity.id/cP3N6cXn;https://circularity.id/dHkxSmLf
9584;134;reserved;circularity.id/9NUYeWdK;https://circularity.id/rqiPc6yY
9585;135;reserved;circularity.id/muhqFzKQ;https://circularity.id/1wexQyUa
9586;136;reserved;circularity.id/Rqf9RgCv;https://circularity.id/gkfMnLNF
9587;137;reserved;circularity.id/H8Rcj8CN;https://circularity.id/FEL6hj7S
9588;138;reserved;circularity.id/3rjGrKMV;https://circularity.id/UEHoH3hn
9589;139;reserved;circularity.id/Bgb8t87P;https://circularity.id/PCUoWGJe
9590;140;reserved;circularity.id/SswbAyGE;https://circularity.id/peM1AJxR
9591;141;reserved;circularity.id/vZb7sYw2;https://circularity.id/j2mUnfb7
9592;142;reserved;circularity.id/aCtBjEQH;https://circularity.id/StbHaBHR
9593;143;reserved;circularity.id/qaT5iLzF;https://circularity.id/yBiZLzwU
9594;144;reserved;circularity.id/4oE6LVxg;https://circularity.id/b9cT68Go
9595;145;reserved;circularity.id/WsxgqboL;https://circularity.id/SogZoHxP
9596;146;reserved;circularity.id/Jssbm3bM;https://circularity.id/RBkp1pWK
9597;147;reserved;circularity.id/N7Y8kSsw;https://circularity.id/GKf965eA
9598;148;reserved;circularity.id/FDRoc2e2;https://circularity.id/qH5HPEnT
9599;149;reserved;circularity.id/2yAvkEtS;https://circularity.id/uTkNUUmK
9600;150;reserved;circularity.id/R4up71ca;https://circularity.id/s5md6xRF
9601;151;reserved;circularity.id/oJ8S2nFa;https://circularity.id/e4TFQoP1
9602;152;reserved;circularity.id/afMhr7v8;https://circularity.id/NNCmxzZ3
9603;153;reserved;circularity.id/7YWqG3gc;https://circularity.id/Xd7GZgsL
9604;154;reserved;circularity.id/XHTcFXYd;https://circularity.id/pZTN99cb
9605;155;reserved;circularity.id/Yr7Kyi7U;https://circularity.id/qQMtTVPW
9606;156;reserved;circularity.id/5uBZN8jp;https://circularity.id/xyBREA4A
9607;157;reserved;circularity.id/HSxxFTRD;https://circularity.id/hcgK4MZK
9608;158;reserved;circularity.id/pPn1aXAh;https://circularity.id/6P1iQzhb
9609;159;reserved;circularity.id/nmFvKbje;https://circularity.id/5YGXBY5q
9610;160;reserved;circularity.id/X39SZh46;https://circularity.id/VEufb7PR
9611;161;reserved;circularity.id/cvXw1ffZ;https://circularity.id/qEfjCwn3
9612;162;reserved;circularity.id/r7YpBSdi;https://circularity.id/HUUn7FTs
9613;163;reserved;circularity.id/4hRhg3i7;https://circularity.id/RVHnKLJh
9614;164;reserved;circularity.id/8wjqswdp;https://circularity.id/K9Yf1g6q
9615;165;reserved;circularity.id/PRKhfvSt;https://circularity.id/wyEh5Yde
9616;166;reserved;circularity.id/zX9C1R5X;https://circularity.id/savRsnDb
9617;167;reserved;circularity.id/ReoBJPga;https://circularity.id/WqMrUTgS
9618;168;reserved;circularity.id/nuvhXj9K;https://circularity.id/3dUeGYdg
9619;169;reserved;circularity.id/MbzRxN6t;https://circularity.id/4scoNCsw
9620;170;reserved;circularity.id/ix6qzZXJ;https://circularity.id/wqRpxRhm
9621;171;reserved;circularity.id/4D2BPQ16;https://circularity.id/pa7z35Z4
9622;172;reserved;circularity.id/ZGzB2uDi;https://circularity.id/4AknVj23
9623;173;reserved;circularity.id/g59yQd2a;https://circularity.id/toArUZow
9624;174;reserved;circularity.id/YU3GphMn;https://circularity.id/tn7QEz5N
9625;175;reserved;circularity.id/eTyorgvN;https://circularity.id/aWdZcAwg
9626;176;reserved;circularity.id/r6dUTTJX;https://circularity.id/w4fLrasv
9627;177;reserved;circularity.id/4QXWuj49;https://circularity.id/L3uGrzwJ
9628;178;reserved;circularity.id/g27bS4VW;https://circularity.id/qDB8rDNP
9629;179;reserved;circularity.id/fuC6dj9Q;https://circularity.id/S5tA8J9a
9630;180;reserved;circularity.id/p6Kdx4AH;https://circularity.id/vhZfpBha
9631;181;reserved;circularity.id/QXWo18Nf;https://circularity.id/1Lww7nq5
9632;182;reserved;circularity.id/d14NsFCi;https://circularity.id/whJknf5b
9633;183;reserved;circularity.id/7j9mndzq;https://circularity.id/LgHgcu8w
9634;184;reserved;circularity.id/5x5da6ae;https://circularity.id/xZ3VXiRL
9635;185;reserved;circularity.id/fcCkTTvx;https://circularity.id/8hJ61TAj
9636;186;reserved;circularity.id/4gtFcB1o;https://circularity.id/eUanmypx
9637;187;reserved;circularity.id/ReycqDud;https://circularity.id/ngxgPRre
9638;188;reserved;circularity.id/JwzgnmM3;https://circularity.id/smFCZ8Zz
9639;189;reserved;circularity.id/Mdevy9uR;https://circularity.id/w1pwgGxv
9640;190;reserved;circularity.id/tMnCDTUA;https://circularity.id/AXASiuVp
9641;191;reserved;circularity.id/BrcqWuzj;https://circularity.id/7zh1eMtH
9642;192;reserved;circularity.id/qG6W1mYJ;https://circularity.id/zyNGgJE7
9643;193;reserved;circularity.id/Egodj88L;https://circularity.id/rP8Qkbrr
9644;194;reserved;circularity.id/ECXB44ty;https://circularity.id/aVSJRhKL
9645;195;reserved;circularity.id/4xxmWRM6;https://circularity.id/QU2GVPb8
9646;196;reserved;circularity.id/GkZq53sy;https://circularity.id/yTbDeyS8
9647;197;reserved;circularity.id/3ueanaMK;https://circularity.id/tGBMUybp
9648;198;reserved;circularity.id/FPabfaye;https://circularity.id/3TvVHnaV
9649;199;reserved;circularity.id/U1Ej9E15;https://circularity.id/b214eU8g
9650;200;reserved;circularity.id/cVzXCWsf;https://circularity.id/CFSBXk8g
9651;201;reserved;circularity.id/9M8JfbUE;https://circularity.id/hRyTpwQv
9652;202;reserved;circularity.id/v2Xbzomt;https://circularity.id/hdtXzmdW
9653;203;reserved;circularity.id/RqmH1BHC;https://circularity.id/ZsAda6P4
9654;204;reserved;circularity.id/UyBWfWXX;https://circularity.id/vutqoXgH
9655;205;reserved;circularity.id/EUWLBJbN;https://circularity.id/AKVYM7mz
9656;206;reserved;circularity.id/1Hh4rWNf;https://circularity.id/SsGww5dB
9657;207;reserved;circularity.id/voUT4qfp;https://circularity.id/mUy7ryJy
9658;208;reserved;circularity.id/JejKvhaB;https://circularity.id/kHN4NrLw
9659;209;reserved;circularity.id/kBH8RPya;https://circularity.id/mi9goyZs
9660;210;reserved;circularity.id/MXNVs1fk;https://circularity.id/DjTG9DLW
9661;211;reserved;circularity.id/yrbsTmQX;https://circularity.id/7nLTgq6Q
9662;212;reserved;circularity.id/Q2XS1Tku;https://circularity.id/zsY1g5em
9663;213;reserved;circularity.id/MH1Pwa5e;https://circularity.id/Jg9dr5Bo
9664;214;reserved;circularity.id/Vc8iBNcb;https://circularity.id/Hd2vxKnA
9665;215;reserved;circularity.id/RUi85Rn5;https://circularity.id/f5x4YSAh
9666;216;reserved;circularity.id/8uQeWxnh;https://circularity.id/ymrKQ1m4
9667;217;reserved;circularity.id/FdW6dFZA;https://circularity.id/dh4hYwps
9668;218;reserved;circularity.id/ac9NLqLv;https://circularity.id/KdbupEu9
9669;219;reserved;circularity.id/Hd9NsnAa;https://circularity.id/dhPMZsSh
9670;220;reserved;circularity.id/Q3JJtGqq;https://circularity.id/Js3Z1G3k
9671;221;reserved;circularity.id/VKFL7gke;https://circularity.id/xmnpmCYx
9672;222;reserved;circularity.id/uq1GfmL7;https://circularity.id/Quc6tyQf
9673;223;reserved;circularity.id/Y6w8jdGB;https://circularity.id/NaZ4pKMX
9674;224;reserved;circularity.id/7vM5V9vG;https://circularity.id/RWWLto8D
9675;225;reserved;circularity.id/UpQvZL5d;https://circularity.id/VMXLQwNY
9676;226;reserved;circularity.id/tnvU99TX;https://circularity.id/b9b5oSRd
9677;227;reserved;circularity.id/9s9bctGe;https://circularity.id/XtbMMabF
9678;228;reserved;circularity.id/hKERd1JC;https://circularity.id/T3PTAahj
9679;229;reserved;circularity.id/XgDtyU6b;https://circularity.id/ZNqBM6dF
9680;230;reserved;circularity.id/97ytqbfE;https://circularity.id/HkBGTPSi
9681;231;reserved;circularity.id/XAqUCAov;https://circularity.id/1XWBTUGo
9682;232;reserved;circularity.id/bWDdJv8d;https://circularity.id/q2EnjsuZ
9683;233;reserved;circularity.id/VKiKgLc1;https://circularity.id/Q5fwzW48
9684;234;reserved;circularity.id/w15FNeMn;https://circularity.id/rkbZdZKE
9685;235;reserved;circularity.id/MeqDpuPj;https://circularity.id/urp1UFTV
9686;236;reserved;circularity.id/fvkosc9M;https://circularity.id/FuortPyf
9687;237;reserved;circularity.id/9UUnfNEq;https://circularity.id/SDTmgs5a
9688;238;reserved;circularity.id/9KJ1jeVd;https://circularity.id/PZRGG1q1
9689;239;reserved;circularity.id/TrzNaAv2;https://circularity.id/QFrtEWJ1
9690;240;reserved;circularity.id/UbVa1bE7;https://circularity.id/rAHrntrH
9691;241;reserved;circularity.id/C6m9fFsH;https://circularity.id/sRRCvjG6
9692;242;reserved;circularity.id/VnYVrKNA;https://circularity.id/F2DxsfP3
9693;243;reserved;circularity.id/A9vkiiZE;https://circularity.id/PWgkspx2
9694;244;reserved;circularity.id/d2EYNxb8;https://circularity.id/oiVfNvLh
9695;245;reserved;circularity.id/btaNErXW;https://circularity.id/LixzSxWR
9696;246;reserved;circularity.id/fibd74H2;https://circularity.id/bLMqrSF8
9697;247;reserved;circularity.id/TEFyrkpr;https://circularity.id/57isgwsW
9698;248;reserved;circularity.id/RCJZXo8E;https://circularity.id/fmTAMxK5
9699;249;reserved;circularity.id/1oCc6keJ;https://circularity.id/s3V7iK5w
9700;250;reserved;circularity.id/4JLJhWws;https://circularity.id/JJ8d27sn
9701;251;reserved;circularity.id/Cmf6bXmK;https://circularity.id/ZNt1rBF3
9702;252;reserved;circularity.id/QkpUipiX;https://circularity.id/pqLqapog
9703;253;reserved;circularity.id/cHxyWsuK;https://circularity.id/LxC4LYNj
9704;254;reserved;circularity.id/6U2diVqV;https://circularity.id/v1rzELLM
9705;255;reserved;circularity.id/axVRConN;https://circularity.id/CxTdWVZg
9706;256;reserved;circularity.id/WNu5NXjV;https://circularity.id/QMxmjL7G
9707;257;reserved;circularity.id/xtKVFmDn;https://circularity.id/wTUBuZ5J
9708;258;reserved;circularity.id/ZrKjm1Ni;https://circularity.id/Ta8ytL4Q
9709;259;reserved;circularity.id/jSVsx5kY;https://circularity.id/fyD8UwDS
9710;260;reserved;circularity.id/BAS75Kck;https://circularity.id/rk8UsXat
9711;261;reserved;circularity.id/8AX9MywL;https://circularity.id/j2nMpdPk
9712;262;reserved;circularity.id/GKTvhqUn;https://circularity.id/BAzPhaS5
9713;263;reserved;circularity.id/nav9EZhJ;https://circularity.id/x487EHXt
9714;264;reserved;circularity.id/57CccMuC;https://circularity.id/DitLfjFu
9715;265;reserved;circularity.id/9UNDNf3A;https://circularity.id/SdfuDpoD
9716;266;reserved;circularity.id/qE7fRsnB;https://circularity.id/23LYwxHh
9717;267;reserved;circularity.id/58Jenri2;https://circularity.id/st5aexyr
9718;268;reserved;circularity.id/a2FqsMJa;https://circularity.id/WvgqgPpq
9719;269;reserved;circularity.id/wU4VNJ7i;https://circularity.id/9Y1k2niw
9720;270;reserved;circularity.id/8CWekS3e;https://circularity.id/47d6BrzH
9721;271;reserved;circularity.id/TKeofibH;https://circularity.id/bWPd8EhG
9722;272;reserved;circularity.id/uR2ftJPw;https://circularity.id/RQV92HP1
9723;273;reserved;circularity.id/Az5VhGHd;https://circularity.id/WtsYJhUt
9724;274;reserved;circularity.id/tyDSDefy;https://circularity.id/yqg3pqEq
9725;275;reserved;circularity.id/133rUC1L;https://circularity.id/MLPEMg2d
9726;276;reserved;circularity.id/e7ym2gFd;https://circularity.id/kWZpDLBT
9727;277;reserved;circularity.id/CEcVPfM9;https://circularity.id/Z2Y1PftN
9728;278;reserved;circularity.id/7QfWfv7g;https://circularity.id/qcWgdxUC
9729;279;reserved;circularity.id/Y38qCQJN;https://circularity.id/ZxKpxbaF
9730;280;reserved;circularity.id/vqHmsmpq;https://circularity.id/L4KXRt8E
9731;281;reserved;circularity.id/w4CBNR44;https://circularity.id/NnefYPmc
9732;282;reserved;circularity.id/KGiX3Xga;https://circularity.id/PGtbjJQj
9733;283;reserved;circularity.id/2j2fSQ6B;https://circularity.id/NDds5M8S
9734;284;reserved;circularity.id/YpaPgvvp;https://circularity.id/GPCpsuPY
9735;285;reserved;circularity.id/aqVWf4Ld;https://circularity.id/bpWgaTbC
9736;286;reserved;circularity.id/U35rRKfo;https://circularity.id/hS8gD5Q7
9737;287;reserved;circularity.id/axkNSJQ6;https://circularity.id/8fNYKzJw
9738;288;reserved;circularity.id/K3tEkLXj;https://circularity.id/kMLCKHsG
9739;289;reserved;circularity.id/Syz95gpH;https://circularity.id/PCGbR9Cb
9740;290;reserved;circularity.id/4NK56xrW;https://circularity.id/1Y6YYZww
9741;291;reserved;circularity.id/PVTGs7gR;https://circularity.id/CSYDSkdb
9742;292;reserved;circularity.id/h72xELr9;https://circularity.id/zuDsyJqP
9743;293;reserved;circularity.id/JGQB2q5P;https://circularity.id/RYVVRR3D
9744;294;reserved;circularity.id/FYpgN4f8;https://circularity.id/AHc7W4SQ
9745;295;reserved;circularity.id/PT9qddK3;https://circularity.id/Reg63Z1q
9746;296;reserved;circularity.id/Cw5YhWAJ;https://circularity.id/AFdC41Ne
9747;297;reserved;circularity.id/XBUNWgu4;https://circularity.id/EjnVWKkn
9748;298;reserved;circularity.id/J1zFT2E5;https://circularity.id/zKyoQgQG
9749;299;reserved;circularity.id/9rFdJuQE;https://circularity.id/bpRkyXfC
9750;300;reserved;circularity.id/Fm7XATGx;https://circularity.id/mPq716W5
9751;301;reserved;circularity.id/fr4YZj1v;https://circularity.id/X1UhcP8m
9752;302;reserved;circularity.id/XnjuCFNk;https://circularity.id/yqyvnN5w
9753;303;reserved;circularity.id/D727f1tq;https://circularity.id/XnXchDVX
9754;304;reserved;circularity.id/G2gzmieG;https://circularity.id/HxYNSvHr
9755;305;reserved;circularity.id/1ptLXqRV;https://circularity.id/EfRH19RW
9756;306;reserved;circularity.id/vCXM3yeo;https://circularity.id/PjZS6p3C
9757;307;reserved;circularity.id/eAq1KmLg;https://circularity.id/bXwE8Nq4
9758;308;reserved;circularity.id/RX4B2Acx;https://circularity.id/e65jKYXj
9759;309;reserved;circularity.id/DmW8Am9C;https://circularity.id/aoSu8xZi
9760;310;reserved;circularity.id/QzC89xWs;https://circularity.id/RuGbUzi5
9761;311;reserved;circularity.id/9gHPaXUi;https://circularity.id/brTD7hZn
9762;312;reserved;circularity.id/R1fK8xUu;https://circularity.id/7Xht6Usd
9763;313;reserved;circularity.id/jtWAtV5M;https://circularity.id/qMhgfT1F
9764;314;reserved;circularity.id/76Vqqbem;https://circularity.id/4xFLQznq
9765;315;reserved;circularity.id/VhEeezzu;https://circularity.id/fUGGdc22
9766;316;reserved;circularity.id/qDpVrdSe;https://circularity.id/3CBTH5jN
9767;317;reserved;circularity.id/MVvPmFUi;https://circularity.id/KbqRW36d
9768;318;reserved;circularity.id/ZbMW4DLi;https://circularity.id/xfxKcd4S
9769;319;reserved;circularity.id/hEFU5HY5;https://circularity.id/Pi1ZtcDx
9770;320;reserved;circularity.id/qgaMCF86;https://circularity.id/TqiDZpae
9771;321;reserved;circularity.id/fXNMzo6o;https://circularity.id/nRwzdu3r
9772;322;reserved;circularity.id/kqdpxH8w;https://circularity.id/bF2A2fso
9773;323;reserved;circularity.id/6JEWgsnP;https://circularity.id/FNYEdth5
9774;324;reserved;circularity.id/HqwwndpB;https://circularity.id/7SEX3km7
9775;325;reserved;circularity.id/hcri3xaA;https://circularity.id/gAXVDRT8
9776;326;reserved;circularity.id/haFk7Wgz;https://circularity.id/dsAZaw2Y
9777;327;reserved;circularity.id/nLFkarAm;https://circularity.id/54gapoGK
9778;328;reserved;circularity.id/SwRuFFHp;https://circularity.id/DNaK7HTo
9779;329;reserved;circularity.id/pyvE9E3D;https://circularity.id/MGXdMrKB
9780;330;reserved;circularity.id/g9oRUANZ;https://circularity.id/8EwTqxMR
9781;331;reserved;circularity.id/LNDVDzv2;https://circularity.id/Wof4N2Yp
9782;332;reserved;circularity.id/a6vnoNT9;https://circularity.id/iWnfLxCd
9783;333;reserved;circularity.id/k6A5hdhh;https://circularity.id/TT5rE26Y
9784;334;reserved;circularity.id/Y84Y5VVD;https://circularity.id/aMs8Fewt
9785;335;reserved;circularity.id/ALZUZr7f;https://circularity.id/mfc6PS7B
9786;336;reserved;circularity.id/sUHLHmNg;https://circularity.id/JzaKjnbG
9787;337;reserved;circularity.id/MeDxbzwt;https://circularity.id/XSFtgUFw
9788;338;reserved;circularity.id/hCbwbws3;https://circularity.id/2ouN2Vw9
9789;339;reserved;circularity.id/8Z34987N;https://circularity.id/GZmwWkVw
9790;340;reserved;circularity.id/4agEjnsD;https://circularity.id/RBUXYG69
9791;341;reserved;circularity.id/kSp2ZHrH;https://circularity.id/PEZTWnA5
9792;342;reserved;circularity.id/enxKQV7f;https://circularity.id/xVmmPFCd
9793;343;reserved;circularity.id/JDppvJq9;https://circularity.id/b9c9mM3r
9794;344;reserved;circularity.id/MTdNveQQ;https://circularity.id/oCx5mQ6P
9795;345;reserved;circularity.id/NbzzyTRi;https://circularity.id/5sEZEr4w
9796;346;reserved;circularity.id/kjsKqcHz;https://circularity.id/KG9xxn9B
9797;347;reserved;circularity.id/Bqr8hXJK;https://circularity.id/PXmCHpEi
9798;348;reserved;circularity.id/EXL41kzP;https://circularity.id/bEjgJXUs
9799;349;reserved;circularity.id/pabFXjsw;https://circularity.id/xthvh1HT
9800;350;reserved;circularity.id/HvqwQQCn;https://circularity.id/p3hxD6Lk
9801;351;reserved;circularity.id/qhGaHK8L;https://circularity.id/QmeJeH5n
9802;352;reserved;circularity.id/pyZ4bspB;https://circularity.id/bxJFM6yy
9803;353;reserved;circularity.id/pWGnrpbb;https://circularity.id/zD4DhC1b
9804;354;reserved;circularity.id/PVbWdoxH;https://circularity.id/dJ1rp8fF
9805;355;reserved;circularity.id/ye8T9uWK;https://circularity.id/HffKGFFy
9806;356;reserved;circularity.id/tCi1oGZA;https://circularity.id/VwjBXyuU
9807;357;reserved;circularity.id/fw3s5zqr;https://circularity.id/PKuScKb5
9808;358;reserved;circularity.id/Poauovoh;https://circularity.id/jM2xfpxW
9809;359;reserved;circularity.id/KN9eixdx;https://circularity.id/GyutEgMX
9810;360;reserved;circularity.id/tUCo9Uky;https://circularity.id/hQMDLv2o
9811;361;reserved;circularity.id/R5PKnWCf;https://circularity.id/cSsAJ4vu
9812;362;reserved;circularity.id/Xt4Nmtya;https://circularity.id/Nx2RQbFq
9813;363;reserved;circularity.id/HjaX2QV3;https://circularity.id/GZoFherB
9814;364;reserved;circularity.id/6LBaX5mp;https://circularity.id/gDd2uzkZ
9815;365;reserved;circularity.id/wf4Mh8DH;https://circularity.id/4NWimiCS
9816;366;reserved;circularity.id/6zRHBLzU;https://circularity.id/RDEV4ahy
9817;367;reserved;circularity.id/ZoPmUhJp;https://circularity.id/3dureTU8
9818;368;reserved;circularity.id/4coREzJU;https://circularity.id/BVjULewv
9819;369;reserved;circularity.id/JrEwTjkQ;https://circularity.id/na89hoyN
9820;370;reserved;circularity.id/xrgE5x7e;https://circularity.id/QQ8BQv8k
9821;371;reserved;circularity.id/CsZJo8mY;https://circularity.id/QRG5MDue
9822;372;reserved;circularity.id/ggvjHUcr;https://circularity.id/hMBfcpUZ
9823;373;reserved;circularity.id/4TbcbZJV;https://circularity.id/iV2dUMM7
9824;374;reserved;circularity.id/1R7rbTxM;https://circularity.id/jLYJVGvo
9825;375;reserved;circularity.id/cCowduvK;https://circularity.id/WRSxkKXc
9826;376;reserved;circularity.id/a7dBY9G2;https://circularity.id/SrbP98TK
9827;377;reserved;circularity.id/hpWP9dAB;https://circularity.id/EkAkLMWr
9828;378;reserved;circularity.id/x6AKqikY;https://circularity.id/pVYKCjhx
9829;379;reserved;circularity.id/aZMHXrTS;https://circularity.id/MnNfoY74
9830;380;reserved;circularity.id/yeDVoa52;https://circularity.id/jg4HtPes
9831;381;reserved;circularity.id/Chp3zxu9;https://circularity.id/v52hRTRz
9832;382;reserved;circularity.id/jJ13MaLV;https://circularity.id/y5Mx7wgh
9833;383;reserved;circularity.id/v4Vnx7rr;https://circularity.id/zkAsCKfm
9834;384;reserved;circularity.id/exFSZkhg;https://circularity.id/wtuLNh4j
9835;385;reserved;circularity.id/VUxV7iej;https://circularity.id/kQfs8YWh
9836;386;reserved;circularity.id/PSQj5i5t;https://circularity.id/5vJWZDzg
9837;387;reserved;circularity.id/6oq6zMEn;https://circularity.id/2boBMVUG
9838;388;reserved;circularity.id/itDy6k2s;https://circularity.id/htSN14s1
9839;389;reserved;circularity.id/VjNrVqKh;https://circularity.id/UM5zKasj
9840;390;reserved;circularity.id/9coDncPS;https://circularity.id/kzPd8BqF
9841;391;reserved;circularity.id/CcwNzc1c;https://circularity.id/vvVUULS9
9842;392;reserved;circularity.id/2ZXZzeUZ;https://circularity.id/GyCB39Vq
9843;393;reserved;circularity.id/jz3PYg7h;https://circularity.id/EvSNw2dM
9844;394;reserved;circularity.id/xU1xMTjB;https://circularity.id/ErtP4xMn
9845;395;reserved;circularity.id/1W2bPzvW;https://circularity.id/Qn3DgdyB
9846;396;reserved;circularity.id/dzz2jJof;https://circularity.id/FPmLS3Jx
9847;397;reserved;circularity.id/uUwbtMPJ;https://circularity.id/GpETZXpq
9848;398;reserved;circularity.id/KE3tAaYg;https://circularity.id/GX1Zf4VH
9849;399;reserved;circularity.id/RPGF82Gr;https://circularity.id/7pUQGtB7
9850;400;reserved;circularity.id/gu1zYKLp;https://circularity.id/zVK539Sz
9851;401;reserved;circularity.id/6gBAVfr3;https://circularity.id/D7oSDLiN
9852;402;reserved;circularity.id/rjw1qGUc;https://circularity.id/Ma7BxbzH
9853;403;reserved;circularity.id/Z8tH94zK;https://circularity.id/XFm7ScLF
9854;404;reserved;circularity.id/nHor3noE;https://circularity.id/asPHefHM
9855;405;reserved;circularity.id/oFQckxVg;https://circularity.id/5KDXo6L6
9856;406;reserved;circularity.id/PsUXW9dM;https://circularity.id/n4GD22Ac
9857;407;reserved;circularity.id/4ETaUZx6;https://circularity.id/sAE4dZrk
9858;408;reserved;circularity.id/ro7okkqm;https://circularity.id/U6kdKLtm
9859;409;reserved;circularity.id/AFFpVmBz;https://circularity.id/fn21XdJB
9860;410;reserved;circularity.id/aTNCbvmr;https://circularity.id/nUtpxQVN
9861;411;reserved;circularity.id/bQvmNn6q;https://circularity.id/fM3kGKHv
9862;412;reserved;circularity.id/z1NWZC6R;https://circularity.id/oLyErJWf
9863;413;reserved;circularity.id/inEVr13o;https://circularity.id/56CGS9JL
9864;414;reserved;circularity.id/C62tSHET;https://circularity.id/9bzj7Jua
9865;415;reserved;circularity.id/JG3Nh5X5;https://circularity.id/VdCfz1Vq
9866;416;reserved;circularity.id/4CztZmQ5;https://circularity.id/Vi4UisYH
9867;417;reserved;circularity.id/ozUpyA28;https://circularity.id/sBSUaTPA
9868;418;reserved;circularity.id/jnRAWzik;https://circularity.id/fv82jDDB
9869;419;reserved;circularity.id/Phi3Wkqd;https://circularity.id/Bbyy2VVd
9870;420;reserved;circularity.id/6gfk2ont;https://circularity.id/RBfD59Qm
9871;421;reserved;circularity.id/DJH7J3bY;https://circularity.id/3GhNCNcv
9872;422;reserved;circularity.id/ciqSxvsr;https://circularity.id/jRkRRkR8
9873;423;reserved;circularity.id/feLcK5Cp;https://circularity.id/moNoSP7D
9874;424;reserved;circularity.id/7xgYCiNo;https://circularity.id/djgn9t7D
9875;425;reserved;circularity.id/JP6E5E6W;https://circularity.id/7kfxqRXh
9876;426;reserved;circularity.id/w3wRmF5N;https://circularity.id/F5xD3nnx
9877;427;reserved;circularity.id/gbMASiWd;https://circularity.id/afMPKQxv
9878;428;reserved;circularity.id/SHXqKAij;https://circularity.id/78ZhRyQb
9879;429;reserved;circularity.id/hrqb83BH;https://circularity.id/kM8RSgBu
9880;430;reserved;circularity.id/d1QmX3j9;https://circularity.id/b7wMhw5d
9881;431;reserved;circularity.id/a1p5HrsX;https://circularity.id/UAs1k2ip
9882;432;reserved;circularity.id/F8TD1Dtc;https://circularity.id/jekQEN2M
9883;433;reserved;circularity.id/GdJL9kp9;https://circularity.id/BV74Ki5n
9884;434;reserved;circularity.id/ZZyJHXBg;https://circularity.id/iQRun8pM
9885;435;reserved;circularity.id/PFV1W56R;https://circularity.id/afrnEm3g
9886;436;reserved;circularity.id/ijaU1ban;https://circularity.id/vMLmRAM7
9887;437;reserved;circularity.id/yLX9GrDo;https://circularity.id/HXMeVH1B
9888;438;reserved;circularity.id/SVUQZeFj;https://circularity.id/Fwoo4fWQ
9889;439;reserved;circularity.id/q3N7xCed;https://circularity.id/wcj6Ktgx
9890;440;reserved;circularity.id/KqaHw9Ds;https://circularity.id/TvDRoZTr
9891;441;reserved;circularity.id/qdqL8tkC;https://circularity.id/m9mBcfbd
9892;442;reserved;circularity.id/QcurwuSk;https://circularity.id/wr18rvKm
9893;443;reserved;circularity.id/UygBw3ED;https://circularity.id/xPqwodSx
9894;444;reserved;circularity.id/oh9gVsCM;https://circularity.id/Be8Tv7QU
9895;445;reserved;circularity.id/x2RH5ihd;https://circularity.id/gusNTyYf
9896;446;reserved;circularity.id/T1XttBsD;https://circularity.id/orbN4Coe
9897;447;reserved;circularity.id/jcueRNzk;https://circularity.id/WZ9VZne5
9898;448;reserved;circularity.id/iLU2tXcN;https://circularity.id/Apy9ey2e
9899;449;reserved;circularity.id/NPwc4GPH;https://circularity.id/vMrVpPed
9900;450;reserved;circularity.id/XPqoFK8p;https://circularity.id/ch6vsPuB
9901;451;reserved;circularity.id/93jBeSdM;https://circularity.id/hb1RazCf
9902;452;reserved;circularity.id/Dueu1ZQx;https://circularity.id/6FvWbT3j
9903;453;reserved;circularity.id/wXkMm53j;https://circularity.id/7wAk22yX
9904;454;reserved;circularity.id/GuDcycHx;https://circularity.id/L78jzNKb
9905;455;reserved;circularity.id/VAbGnMRN;https://circularity.id/5SXAJyh3
9906;456;reserved;circularity.id/6dLffu9j;https://circularity.id/6pstnJ7H
9907;457;reserved;circularity.id/XZXvBFD6;https://circularity.id/vdZ5PcFv
9908;458;reserved;circularity.id/P1TJfLmc;https://circularity.id/M2GvcNGh
9909;459;reserved;circularity.id/tPWVhaMx;https://circularity.id/AKgQTzEH
9910;460;reserved;circularity.id/QUnU2TBb;https://circularity.id/dP2ziWDu
9911;461;reserved;circularity.id/sE3JBrj1;https://circularity.id/BSgMqaqc
9912;462;reserved;circularity.id/qoDsQ6T9;https://circularity.id/uyYt9Awc
9913;463;reserved;circularity.id/nZrquVE7;https://circularity.id/7uzaMNw1
9914;464;reserved;circularity.id/kMKZTbop;https://circularity.id/CpZ3ToHN
9915;465;reserved;circularity.id/jkKUXec4;https://circularity.id/v4YpxKuz
9916;466;reserved;circularity.id/2w7dQ5xk;https://circularity.id/VPk64RJx
9917;467;reserved;circularity.id/NrywE1sG;https://circularity.id/N1Y6Gsbb
9918;468;reserved;circularity.id/cknvxo4K;https://circularity.id/WE8XLWRu
9919;469;reserved;circularity.id/GAthotLH;https://circularity.id/Q7Z8woSR
9920;470;reserved;circularity.id/e19AS7Xc;https://circularity.id/G75mKjbq
9921;471;reserved;circularity.id/zN8eQ54G;https://circularity.id/eAGkhBcG
9922;472;reserved;circularity.id/LLxvsTsV;https://circularity.id/vJQL4jTw
9923;473;reserved;circularity.id/j42wwU6y;https://circularity.id/n7uJUA3A
9924;474;reserved;circularity.id/Q2kGQDdS;https://circularity.id/YyySi1Ej
9925;475;reserved;circularity.id/NJN4SX2R;https://circularity.id/5xYmP7AL
9926;476;reserved;circularity.id/jGUuiysu;https://circularity.id/uXRVHmen
9927;477;reserved;circularity.id/QrcDfs73;https://circularity.id/YoT1ZQQN
9928;478;reserved;circularity.id/CWRNCQvz;https://circularity.id/QDWBiJmc
9929;479;reserved;circularity.id/fSfvX8i3;https://circularity.id/Gbstcp4D
9930;480;reserved;circularity.id/t874P43f;https://circularity.id/mMG7BxjK
9931;481;reserved;circularity.id/wby7AWtq;https://circularity.id/Nr63Ut9g
9932;482;reserved;circularity.id/vwJFRnwL;https://circularity.id/qsrGKrmV
9933;483;reserved;circularity.id/eGj8YkYz;https://circularity.id/CTdRUoZF
9934;484;reserved;circularity.id/9CDjGUyJ;https://circularity.id/C7K4HhVS
9935;485;reserved;circularity.id/Mwxe3CmF;https://circularity.id/9BPUTYuK
9936;486;reserved;circularity.id/s1JYqEVQ;https://circularity.id/dcAMSY8f
9937;487;reserved;circularity.id/sAFdhdSh;https://circularity.id/RGF99unH
9938;488;reserved;circularity.id/59QhnQvr;https://circularity.id/rEEyCJQS
9939;489;reserved;circularity.id/uGuVHQ5g;https://circularity.id/MM7sYdnU
9940;490;reserved;circularity.id/bECB7J4c;https://circularity.id/KMESWqbC
9941;491;reserved;circularity.id/qA5qTyLt;https://circularity.id/oL2HdixD
9942;492;reserved;circularity.id/2kLaHBP6;https://circularity.id/MW9DYMmi
9943;493;reserved;circularity.id/HA845RKq;https://circularity.id/wokQPCri
9944;494;reserved;circularity.id/YNHK6E6T;https://circularity.id/hKBk1ciw
9945;495;reserved;circularity.id/XenjMkgT;https://circularity.id/UWiQ7MKo
9946;496;reserved;circularity.id/BdA5o7X1;https://circularity.id/6xxtaEo4
9947;497;reserved;circularity.id/Rfdkhdb3;https://circularity.id/7re9CbFf
9948;498;reserved;circularity.id/TEqZvWsr;https://circularity.id/cgmvLUgo
9949;499;reserved;circularity.id/5FKJH1w8;https://circularity.id/F7gXvrch
9950;500;reserved;circularity.id/Epr2wfUm;https://circularity.id/j84CHtVo
9951;501;reserved;circularity.id/8zL9ymLz;https://circularity.id/jaPULvVy
9952;502;reserved;circularity.id/wcBQFPLh;https://circularity.id/UgDrMJc6
9953;503;reserved;circularity.id/jjSV7zfi;https://circularity.id/tjNR2w3d
9954;504;reserved;circularity.id/LgYijYJE;https://circularity.id/8bdUdijg
9955;505;reserved;circularity.id/5TxbbPUA;https://circularity.id/5427zdnD
9956;506;reserved;circularity.id/xEpZvKhE;https://circularity.id/qYw5UnCN
9957;507;reserved;circularity.id/TSG5AUYK;https://circularity.id/GH7HnxLF
9958;508;reserved;circularity.id/fZs2cyQ5;https://circularity.id/rfDrS8Wa
9959;509;reserved;circularity.id/ZhgywUzT;https://circularity.id/KJ37NwGe
9960;510;reserved;circularity.id/H24xFr7i;https://circularity.id/zTMCkFaP
9961;511;reserved;circularity.id/wE1PzPMZ;https://circularity.id/VqVYKQTx
9962;512;reserved;circularity.id/CMtT1NPF;https://circularity.id/NUNvhuiG
9963;513;reserved;circularity.id/PH4moozt;https://circularity.id/yeSqwNdQ
9964;514;reserved;circularity.id/JZpyyc8b;https://circularity.id/7CYebVXB
9965;515;reserved;circularity.id/BEWQFU7e;https://circularity.id/zwyKVvpN
9966;516;reserved;circularity.id/VpwRGXw4;https://circularity.id/gd365sji
9967;517;reserved;circularity.id/yuXMRP8L;https://circularity.id/cVFDR6hr
9968;518;reserved;circularity.id/AXxbR3gM;https://circularity.id/YTZwfJqY
9969;519;reserved;circularity.id/QaQYLY9t;https://circularity.id/bcCdYBLy
9970;520;reserved;circularity.id/j6tBCR4g;https://circularity.id/tqPVmatq
9971;521;reserved;circularity.id/5FPGESZ3;https://circularity.id/MLrQ1Qiv
9972;522;reserved;circularity.id/pkFvnjBf;https://circularity.id/A8zQjav4
9973;523;reserved;circularity.id/2hrXaN1c;https://circularity.id/vNkrJRVR
9974;524;reserved;circularity.id/EjERbRQv;https://circularity.id/HrCScHRZ
9975;525;reserved;circularity.id/uyHE3PJ9;https://circularity.id/3YaN5dKE
9976;526;reserved;circularity.id/iz7C54c7;https://circularity.id/Co43B1fh
9977;527;reserved;circularity.id/qJFehpvC;https://circularity.id/ewSZEYno
9978;528;reserved;circularity.id/cZSzwe4V;https://circularity.id/hDSfF8mf
9979;529;reserved;circularity.id/GJh77PqK;https://circularity.id/pHgqtkWu
9980;530;reserved;circularity.id/bcBS7Fx1;https://circularity.id/gVZF5rAB
9981;531;reserved;circularity.id/h8bCXgbx;https://circularity.id/y4nVq5qA
9982;532;reserved;circularity.id/NySPtvEW;https://circularity.id/jTsFdm8H
9983;533;reserved;circularity.id/7yXqN7Zr;https://circularity.id/DLoSTsSt
9984;534;reserved;circularity.id/BMYWfonK;https://circularity.id/Pc5Zopzf
9985;535;reserved;circularity.id/XjQQfhyn;https://circularity.id/NgF6iC2K
9986;536;reserved;circularity.id/vqXqvowP;https://circularity.id/Tjth69H8
9987;537;reserved;circularity.id/LZjbm9ex;https://circularity.id/73NjfC7Z
9988;538;reserved;circularity.id/6Zpp86HB;https://circularity.id/B9quWmze
9989;539;reserved;circularity.id/Ls74nVg9;https://circularity.id/14ofQo1j
9990;540;reserved;circularity.id/Sn9L8jao;https://circularity.id/1fFguvMo
9991;541;reserved;circularity.id/svocGVm1;https://circularity.id/fSLFctYW
9992;542;reserved;circularity.id/Tq5ki4me;https://circularity.id/Ri9Hr5X8
9993;543;reserved;circularity.id/6qezJMUE;https://circularity.id/uafd4vAo
9994;544;reserved;circularity.id/totEzUjc;https://circularity.id/potDDHqs
9995;545;reserved;circularity.id/2aGYgVgB;https://circularity.id/Jm2DcSQG
9996;546;reserved;circularity.id/hNqZymdv;https://circularity.id/1W9FtPpc
9997;547;reserved;circularity.id/ohgnADJj;https://circularity.id/gyEQiVGu
9998;548;reserved;circularity.id/ygPYFcib;https://circularity.id/9AaKDVNF
9999;549;reserved;circularity.id/3BUTcxou;https://circularity.id/A3MztguP
10000;550;reserved;circularity.id/bKBTE1zX;https://circularity.id/9CW2K1Ae
10001;551;reserved;circularity.id/X3mxkVi9;https://circularity.id/Z1BnyW83
10002;552;reserved;circularity.id/XaMjR6ca;https://circularity.id/d35UKACk
10003;553;reserved;circularity.id/MKcC7m8F;https://circularity.id/nxwYPr3Z
10004;554;reserved;circularity.id/6HcC84eS;https://circularity.id/ZtZrdmw3
10005;555;reserved;circularity.id/u1c4TpwH;https://circularity.id/f5s5CSS3
10006;556;reserved;circularity.id/NHpDn1SD;https://circularity.id/RR3E3Cy8
10007;557;reserved;circularity.id/sWC5xXeX;https://circularity.id/upw2anCJ
10008;558;reserved;circularity.id/XVrCMtZW;https://circularity.id/LyHKRvLg
10009;559;reserved;circularity.id/NaXb96wz;https://circularity.id/WoVa83PF
10010;560;reserved;circularity.id/HmDj7b9N;https://circularity.id/J6tZBTNn
10011;561;reserved;circularity.id/agGwtFQp;https://circularity.id/sqVpVMoo
10012;562;reserved;circularity.id/Q1wp4np6;https://circularity.id/mj3BrZey
10013;563;reserved;circularity.id/CGnWo76n;https://circularity.id/NbTHxEQQ
10014;564;reserved;circularity.id/hHDKfg7Q;https://circularity.id/DH4BYDjd
10015;565;reserved;circularity.id/W8Qbkfuf;https://circularity.id/wdAE7yKc
10016;566;reserved;circularity.id/rdGa7FqH;https://circularity.id/PP2zc2N6
10017;567;reserved;circularity.id/yYJCuBKy;https://circularity.id/sRUKKuuA
10018;568;reserved;circularity.id/xbVYYECG;https://circularity.id/qSdaSAGa
10019;569;reserved;circularity.id/UVDZsrgd;https://circularity.id/bpnpr87B
10020;570;reserved;circularity.id/LbXxpUEm;https://circularity.id/9HfQPaQ6
10021;571;reserved;circularity.id/Q1ypVJ5t;https://circularity.id/Gguz6VWj
10022;572;reserved;circularity.id/kQb7yEwt;https://circularity.id/UavCyxzR
10023;573;reserved;circularity.id/PbhgrWn9;https://circularity.id/U4tMwyvW
10024;574;reserved;circularity.id/pDJzB9VK;https://circularity.id/HRxqEKnQ
10025;575;reserved;circularity.id/nRkks44P;https://circularity.id/EX6uj2ZX
10026;576;reserved;circularity.id/CrxKQn3c;https://circularity.id/GZPsdj41
10027;577;reserved;circularity.id/VY9rkaWZ;https://circularity.id/JQj3x7Wy
10028;578;reserved;circularity.id/DwSVtnRA;https://circularity.id/6UuCy6nd
10029;579;reserved;circularity.id/t1rNnaqp;https://circularity.id/jkfYe6vd
10030;580;reserved;circularity.id/VQuuP8qL;https://circularity.id/zQsqbPW4
10031;581;reserved;circularity.id/VxRiq9tw;https://circularity.id/22pw3Kos
10032;582;reserved;circularity.id/w8kpsQ42;https://circularity.id/yTZcGdMZ
10033;583;reserved;circularity.id/PEx2LZ83;https://circularity.id/2U3qC4SF
10034;584;reserved;circularity.id/XNS9vnWW;https://circularity.id/FmfcrEFS
10035;585;reserved;circularity.id/oyuxzFqV;https://circularity.id/kC5u9eSW
10036;586;reserved;circularity.id/yD8kWgF8;https://circularity.id/7EiTcN7o
10037;587;reserved;circularity.id/ndBMWpi4;https://circularity.id/jCS1z9LV
10038;588;reserved;circularity.id/Hc4MZDER;https://circularity.id/EQPSPaNc
10039;589;reserved;circularity.id/3uSYSH9Z;https://circularity.id/ERVAXJCw
10040;590;reserved;circularity.id/owvj4aRG;https://circularity.id/eaqJE5Cr
10041;591;reserved;circularity.id/tKYB84ru;https://circularity.id/fcoXkrGh
10042;592;reserved;circularity.id/ssLbXcpy;https://circularity.id/YFSsbBDx
10043;593;reserved;circularity.id/L8azRwjd;https://circularity.id/mNgoY1Fw
10044;594;reserved;circularity.id/RT4N1jN6;https://circularity.id/HKW9YukY
10045;595;reserved;circularity.id/zKg7LFPT;https://circularity.id/QAZ67oMc
10046;596;reserved;circularity.id/az3e35Wv;https://circularity.id/9i7DZGai
10047;597;reserved;circularity.id/j9v6P2QS;https://circularity.id/rvtCRrF7
10048;598;reserved;circularity.id/WnNjQPNH;https://circularity.id/wBGhysFF
10049;599;reserved;circularity.id/36ARSZ7n;https://circularity.id/cyYuyqRR
10050;600;reserved;circularity.id/uoUwk92u;https://circularity.id/6AGB7ovx
10051;601;reserved;circularity.id/fTrvfXFj;https://circularity.id/xtQTKkRR
10052;602;reserved;circularity.id/1L96pd9H;https://circularity.id/jiGbuESf
10053;603;reserved;circularity.id/KFrSVTh6;https://circularity.id/cGatXABj
10054;604;reserved;circularity.id/3mutFkXD;https://circularity.id/6hQL1YNV
10055;605;reserved;circularity.id/zRChCFJP;https://circularity.id/JceiE3oW
10056;606;reserved;circularity.id/wfRhearn;https://circularity.id/i3MCK9ME
10057;607;reserved;circularity.id/dUu7G4PW;https://circularity.id/SfuaE9Mh
10058;608;reserved;circularity.id/T3FXDncW;https://circularity.id/JmgjyrU4
10059;609;reserved;circularity.id/RZ7425a4;https://circularity.id/sXN7b7wf
10060;610;reserved;circularity.id/Rt7totau;https://circularity.id/EbKqu167
10061;611;reserved;circularity.id/qJwh7Lg1;https://circularity.id/QuZWtq6H
10062;612;reserved;circularity.id/YC5ZcEff;https://circularity.id/T4K3334P
10063;613;reserved;circularity.id/nceXMhrN;https://circularity.id/BF6iJ4Cw
10064;614;reserved;circularity.id/iP3bZ9jN;https://circularity.id/X9dNwPXm
10065;615;reserved;circularity.id/6jGBnk8G;https://circularity.id/Vwba9wYt
10066;616;reserved;circularity.id/43uKhTEK;https://circularity.id/LSFuoTZ7
10067;617;reserved;circularity.id/YCEx8oTs;https://circularity.id/MqKRA5Tr
10068;618;reserved;circularity.id/B2owVLoP;https://circularity.id/spMyLdNe
10069;619;reserved;circularity.id/7RYp7eti;https://circularity.id/xLEr5qEJ
10070;620;reserved;circularity.id/rik2isRh;https://circularity.id/cgWHGE1z
10071;621;reserved;circularity.id/bWMtpSsK;https://circularity.id/W79nssqD
10072;622;reserved;circularity.id/MoaqMZ5s;https://circularity.id/DQmCg8YG
10073;623;reserved;circularity.id/mNKM8Nnq;https://circularity.id/BctRmfku
10074;624;reserved;circularity.id/7SDfWqoH;https://circularity.id/DacQi2fx
10075;625;reserved;circularity.id/R8Beda1H;https://circularity.id/KqTfyN57
10076;626;reserved;circularity.id/mTU2t6EZ;https://circularity.id/REUWRK7W
10077;627;reserved;circularity.id/46VScoQd;https://circularity.id/HYSou9pv
10078;628;reserved;circularity.id/zwHaEfSZ;https://circularity.id/5EwFz11T
10079;629;reserved;circularity.id/Cj6eFcAe;https://circularity.id/kQXajjN8
10080;630;reserved;circularity.id/uYgnrYQ8;https://circularity.id/TjnoPTfM
10081;631;reserved;circularity.id/HneSkLnM;https://circularity.id/V6BCuTM5
10082;632;reserved;circularity.id/m1VtPPnA;https://circularity.id/KWeWRps8
10083;633;reserved;circularity.id/7z7Nv7sT;https://circularity.id/qt8jHcMc
10084;634;reserved;circularity.id/8emGvU8d;https://circularity.id/tWtpTosH
10085;635;reserved;circularity.id/PRt4MZEx;https://circularity.id/94Hch1hV
10086;636;reserved;circularity.id/QzwcWoGv;https://circularity.id/fVz1Uwth
10087;637;reserved;circularity.id/D3nPycuB;https://circularity.id/FuBwQpaN
10088;638;reserved;circularity.id/hkH5gbY2;https://circularity.id/AW3bDpbn
10089;639;reserved;circularity.id/Q5vFLHbh;https://circularity.id/HXk6jgzm
10090;640;reserved;circularity.id/z3eRmHfB;https://circularity.id/xNXf3ohR
10091;641;reserved;circularity.id/GtpwUsYg;https://circularity.id/XbHTthGT
10092;642;reserved;circularity.id/CHRS677n;https://circularity.id/zjqbNkP4
10093;643;reserved;circularity.id/3QBwiBZ2;https://circularity.id/6ZZjtHd4
10094;644;reserved;circularity.id/dztWfewB;https://circularity.id/YVwWrcvH
10095;645;reserved;circularity.id/72qypkif;https://circularity.id/mAJnLHfa
10096;646;reserved;circularity.id/qVSP73qM;https://circularity.id/j1BSyJPZ
10097;647;reserved;circularity.id/pa5GVJRo;https://circularity.id/fHD7p8hM
10098;648;reserved;circularity.id/QiFSwJHp;https://circularity.id/fQkXKpEy
10099;649;reserved;circularity.id/aCFCFim4;https://circularity.id/qN9pCaDa
10100;650;reserved;circularity.id/2F6kYxhF;https://circularity.id/mzaUYja1
10101;651;reserved;circularity.id/nPDXsmqN;https://circularity.id/U3NXH6je
10102;652;reserved;circularity.id/eBG4epFG;https://circularity.id/rtVTcJEh
10103;653;reserved;circularity.id/aqrtgTDh;https://circularity.id/wk25joFx
10104;654;reserved;circularity.id/QXmjPJjW;https://circularity.id/6Xx5GZUG
10105;655;reserved;circularity.id/CwvSQGMc;https://circularity.id/Wg6M76mu
10106;656;reserved;circularity.id/KWAU4Zhx;https://circularity.id/dXUjE5a9
10107;657;reserved;circularity.id/UukMk798;https://circularity.id/L1MwDDJx
10108;658;reserved;circularity.id/7gBDbXBx;https://circularity.id/xuoKzZUz
10109;659;reserved;circularity.id/XRPo6eKA;https://circularity.id/6HdVRha6
10110;660;reserved;circularity.id/cpVbnUwT;https://circularity.id/ifT78pdT
10111;661;reserved;circularity.id/GbB3ZtRU;https://circularity.id/hp8sAQsD
10112;662;reserved;circularity.id/1JQTuZtU;https://circularity.id/WgUFYyPS
10113;663;reserved;circularity.id/qUBFQH4i;https://circularity.id/uTreaWmx
10114;664;reserved;circularity.id/QStXyvPD;https://circularity.id/skf8dSwK
10115;665;reserved;circularity.id/vvBQK5Ya;https://circularity.id/UbAkoCAE
10116;666;reserved;circularity.id/8ji2wXae;https://circularity.id/DqCUgv1j
10117;667;reserved;circularity.id/UepCdCSY;https://circularity.id/pWux8Daz
10118;668;reserved;circularity.id/5EtiRMab;https://circularity.id/JqjnJgp5
10119;669;reserved;circularity.id/oaN7SX4L;https://circularity.id/UdSMMZPh
10120;670;reserved;circularity.id/FM191e5R;https://circularity.id/FVLDtejw
10121;671;reserved;circularity.id/JDJfXQM8;https://circularity.id/FpLM6NH3
10122;672;reserved;circularity.id/TredJC33;https://circularity.id/KZd5ENsj
10123;673;reserved;circularity.id/dM4f9kwS;https://circularity.id/qADPUoE7
10124;674;reserved;circularity.id/gMmN5mLy;https://circularity.id/EPwG3ciT
10125;675;reserved;circularity.id/h1fKC8gC;https://circularity.id/DiSFgiRT
10126;676;reserved;circularity.id/6KsLeoYB;https://circularity.id/MbmotZXh
10127;677;reserved;circularity.id/a9nMinWM;https://circularity.id/sbWVWtjj
10128;678;reserved;circularity.id/BJe1xvwF;https://circularity.id/44h4Uw5z
10129;679;reserved;circularity.id/JfU47pHr;https://circularity.id/LDKnjHf5
10130;680;reserved;circularity.id/HeKuzXr6;https://circularity.id/p76KTJ1y
10131;681;reserved;circularity.id/dDDSS8FH;https://circularity.id/VYFknEui
10132;682;reserved;circularity.id/tKxVsse9;https://circularity.id/1uKDLWcU
10133;683;reserved;circularity.id/cFXf4h2H;https://circularity.id/iykLSeAG
10134;684;reserved;circularity.id/GUEspMgQ;https://circularity.id/RQVrTR7W
10135;685;reserved;circularity.id/J1hk1VY4;https://circularity.id/JVoHDse3
10136;686;reserved;circularity.id/vAvtRuNE;https://circularity.id/Z5GNTvdM
10137;687;reserved;circularity.id/tthRiPYj;https://circularity.id/6hfEJPyq
10138;688;reserved;circularity.id/7bgrwcvf;https://circularity.id/PFuNDjgN
10139;689;reserved;circularity.id/8h4CQpmX;https://circularity.id/WURKpeML
10140;690;reserved;circularity.id/xNNggscJ;https://circularity.id/A6DucUrL
10141;691;reserved;circularity.id/AEhQrbCu;https://circularity.id/zYmsC4LA
10142;692;reserved;circularity.id/PuuxQgt4;https://circularity.id/sQGGAZ3J
10143;693;reserved;circularity.id/Sd4naXPa;https://circularity.id/1GYJMB39
10144;694;reserved;circularity.id/DnNZGyDh;https://circularity.id/Kh7LYdz8
10145;695;reserved;circularity.id/TS3j6nD5;https://circularity.id/LSz2nd6v
10146;696;reserved;circularity.id/WKEpAizW;https://circularity.id/uY83mw89
10147;697;reserved;circularity.id/52KcX5W4;https://circularity.id/UA2ePZ8H
10148;698;reserved;circularity.id/Kg4XYxPV;https://circularity.id/eB4opN6q
10149;699;reserved;circularity.id/qRSuyYSh;https://circularity.id/n4n9NvbZ
10150;700;reserved;circularity.id/68crmWs6;https://circularity.id/bDZRntmQ
10151;701;reserved;circularity.id/S4S4KuL7;https://circularity.id/xwKkoeaa
10152;702;reserved;circularity.id/gx2gixQX;https://circularity.id/SQB5qJE2
10153;703;reserved;circularity.id/2xg8RLmv;https://circularity.id/mmnW1svy
10154;704;reserved;circularity.id/GfH2D4WL;https://circularity.id/GHKc19Tk
10155;705;reserved;circularity.id/wcAtaNkN;https://circularity.id/pB2MpNA8
10156;706;reserved;circularity.id/tsok7jRQ;https://circularity.id/TaCH6HdN
10157;707;reserved;circularity.id/Rk2j5thM;https://circularity.id/cDFSFDMw
10158;708;reserved;circularity.id/aNZRzgDp;https://circularity.id/AQmrvbFr
10159;709;reserved;circularity.id/x3rNfNhe;https://circularity.id/8DrDa3LE
10160;710;reserved;circularity.id/KQopQwJm;https://circularity.id/ZZKGVabu
10161;711;reserved;circularity.id/X7SwtPoX;https://circularity.id/89xxFHHX
10162;712;reserved;circularity.id/7WmvngPs;https://circularity.id/q4NcZtRV
10163;713;reserved;circularity.id/5v4yadcC;https://circularity.id/ALkcCzes
10164;714;reserved;circularity.id/i7ECGpP2;https://circularity.id/qmD95uE6
10165;715;reserved;circularity.id/r5Dhtpnd;https://circularity.id/t9c32Z9J
10166;716;reserved;circularity.id/eLcKF2Ct;https://circularity.id/Fd1jDcsV
10167;717;reserved;circularity.id/YM3U52cz;https://circularity.id/LooVRdyf
10168;718;reserved;circularity.id/QLSkBuHF;https://circularity.id/uYotBV8j
10169;719;reserved;circularity.id/yP1M17dg;https://circularity.id/eMgSUjjZ
10170;720;reserved;circularity.id/X5njbn3z;https://circularity.id/wyZkZxQA
10171;721;reserved;circularity.id/7vDiiFg9;https://circularity.id/paKCuuRf
10172;722;reserved;circularity.id/3H9bTT8K;https://circularity.id/nZXFQK2Z
10173;723;reserved;circularity.id/6QXnRRV2;https://circularity.id/5G6Beato
10174;724;reserved;circularity.id/keo3DVpo;https://circularity.id/iE8tAjsL
10175;725;reserved;circularity.id/pH9LhN41;https://circularity.id/d9Bka18F
10176;726;reserved;circularity.id/aF6aHa21;https://circularity.id/XyLBfBQF
10177;727;reserved;circularity.id/GkYo4w2F;https://circularity.id/YWHo6YzS
10178;728;reserved;circularity.id/gw26xcCS;https://circularity.id/Xk9WNWuJ
10179;729;reserved;circularity.id/aExUeYgL;https://circularity.id/d5oym19U
10180;730;reserved;circularity.id/Ft9fgCFX;https://circularity.id/HmYvLe96
10181;731;reserved;circularity.id/Smvx6jKg;https://circularity.id/JSCgBmkF
10182;732;reserved;circularity.id/86E8ps4L;https://circularity.id/q6Jbw8Km
10183;733;reserved;circularity.id/DpPoWAkM;https://circularity.id/T6ER4Azx
10184;734;reserved;circularity.id/3eQJUtrG;https://circularity.id/KU4CLjX6
10185;735;reserved;circularity.id/3pC4Uv3k;https://circularity.id/tzod6kic
10186;736;reserved;circularity.id/UVjzW7t9;https://circularity.id/sn7xDP7N
10187;737;reserved;circularity.id/tCHpHQv1;https://circularity.id/z8Qd8zpU
10188;738;reserved;circularity.id/DutJuMgt;https://circularity.id/8qNEmqWM
10189;739;reserved;circularity.id/6tWKifAb;https://circularity.id/UrTBCw1W
10190;740;reserved;circularity.id/M5skrW51;https://circularity.id/iiZLjcGj
10191;741;reserved;circularity.id/hgkSSyfw;https://circularity.id/72AqqCWB
10192;742;reserved;circularity.id/uiYmL2n4;https://circularity.id/UYguwLzF
10193;743;reserved;circularity.id/vx9PNBK4;https://circularity.id/7uA3UWoz
10194;744;reserved;circularity.id/J6RR3MpU;https://circularity.id/XGoAFgUF
10195;745;reserved;circularity.id/WnzpPrax;https://circularity.id/VdUzXw4E
10196;746;reserved;circularity.id/YbpEKTTx;https://circularity.id/8Fgz4zBQ
10197;747;reserved;circularity.id/S8C9XRnD;https://circularity.id/99XvsD4W
10198;748;reserved;circularity.id/Gekw8H2P;https://circularity.id/G6Q62Sfp
10199;749;reserved;circularity.id/rSvUopMn;https://circularity.id/RT7ScSpS
10200;750;reserved;circularity.id/md6qDuRL;https://circularity.id/Gx3iUsu2
10201;751;reserved;circularity.id/fTQ2tK2H;https://circularity.id/YEpoN4m8
10202;752;reserved;circularity.id/pBMiayjY;https://circularity.id/4YC3qMST
10203;753;reserved;circularity.id/Y3GzT9h1;https://circularity.id/LQ9Rm7Nb
10204;754;reserved;circularity.id/biL8VUV6;https://circularity.id/gGbYmfUi
10205;755;reserved;circularity.id/PFQxARvN;https://circularity.id/zL9MnPgs
10206;756;reserved;circularity.id/1Pixo1Vy;https://circularity.id/RaLuigbR
10207;757;reserved;circularity.id/FueRdyq8;https://circularity.id/49pRbHTk
10208;758;reserved;circularity.id/KQNC75VJ;https://circularity.id/ostRXVcB
10209;759;reserved;circularity.id/4ZSfX86S;https://circularity.id/U8TX8PVA
10210;760;reserved;circularity.id/FsQUGHak;https://circularity.id/LiqHeust
10211;761;reserved;circularity.id/kLKF47jp;https://circularity.id/4B9yV22b
10212;762;reserved;circularity.id/PgB6fLPN;https://circularity.id/KvJ6SHhm
10213;763;reserved;circularity.id/Vv7evf8W;https://circularity.id/r7Na9fsu
10214;764;reserved;circularity.id/NBYPHpcj;https://circularity.id/QbPvBjMy
10215;765;reserved;circularity.id/j52NGEXs;https://circularity.id/eHNiyFjs
10216;766;reserved;circularity.id/ynBT3u7e;https://circularity.id/Qmb9C8mH
10217;767;reserved;circularity.id/zSziJCpE;https://circularity.id/kwj1sQq1
10218;768;reserved;circularity.id/R2APPGnL;https://circularity.id/ZEMn2Hoc
10219;769;reserved;circularity.id/NJJLwRAc;https://circularity.id/m2PuojjH
10220;770;reserved;circularity.id/GPsKxtBi;https://circularity.id/ispPqfK7
10221;771;reserved;circularity.id/wsUvKzZG;https://circularity.id/Z96gKzgs
10222;772;reserved;circularity.id/Fyzva25i;https://circularity.id/ixtzkbhy
10223;773;reserved;circularity.id/MFipTEnz;https://circularity.id/ixt9YMM2
10224;774;reserved;circularity.id/oZawdsH6;https://circularity.id/x8ysEosq
10225;775;reserved;circularity.id/bxmcwhS7;https://circularity.id/2YoYN1zU
10226;776;reserved;circularity.id/BBMH7Ue8;https://circularity.id/Cn1R62sV
10227;777;reserved;circularity.id/aXJVhckd;https://circularity.id/JMP6wdEd
10228;778;reserved;circularity.id/4Hm7Kw57;https://circularity.id/isHUn4ir
10229;779;reserved;circularity.id/rVDcpw71;https://circularity.id/sAvadJ5t
10230;780;reserved;circularity.id/x9n4vB9C;https://circularity.id/MB5zZ1UV
10231;781;reserved;circularity.id/MgKxoWGC;https://circularity.id/wTqJFEMq
10232;782;reserved;circularity.id/hTr1TWoy;https://circularity.id/F4DWzvkm
10233;783;reserved;circularity.id/g5n4Vvi7;https://circularity.id/kSsD6RtU
10234;784;reserved;circularity.id/u6UrfDSD;https://circularity.id/Y2A8KjUf
10235;785;reserved;circularity.id/nuMtVxLa;https://circularity.id/oaf333Ea
10236;786;reserved;circularity.id/yrNiZSvN;https://circularity.id/3igMajHx
10237;787;reserved;circularity.id/o6zyvP3d;https://circularity.id/VirE5wPq
10238;788;reserved;circularity.id/iR1RQqga;https://circularity.id/QBREUquW
10239;789;reserved;circularity.id/AJLKpJrE;https://circularity.id/NJ15nv22
10240;790;reserved;circularity.id/eyPRXYhT;https://circularity.id/ymTrUN5y
10241;791;reserved;circularity.id/FvGdjzm8;https://circularity.id/cnmBSUAt
10242;792;reserved;circularity.id/8ncbromV;https://circularity.id/b2AoncuD
10243;793;reserved;circularity.id/uGMqwCE5;https://circularity.id/LxH325kj
10244;794;reserved;circularity.id/7yahvYpf;https://circularity.id/GCvVeN2v
10245;795;reserved;circularity.id/53mKmksX;https://circularity.id/vezNuos9
10246;796;reserved;circularity.id/cvRaxQPW;https://circularity.id/RmsdpQTS
10247;797;reserved;circularity.id/qUs7TUd1;https://circularity.id/XhQofwf3
10248;798;reserved;circularity.id/jcv7uC8Q;https://circularity.id/j1dPAmYv
10249;799;reserved;circularity.id/kHfGA5uh;https://circularity.id/S25vqEQ8
10250;800;reserved;circularity.id/haqSHbd4;https://circularity.id/QFimEqoH
10251;801;reserved;circularity.id/tYuHxLXt;https://circularity.id/9myiKVSz
10252;802;reserved;circularity.id/yrqMV61Y;https://circularity.id/F8Kx6oNs
10253;803;reserved;circularity.id/28XBvuCv;https://circularity.id/iw9vzWrR
10254;804;reserved;circularity.id/purUUmEm;https://circularity.id/GzubGwLX
10255;805;reserved;circularity.id/TzfwMejN;https://circularity.id/8ESt4k2D
10256;806;reserved;circularity.id/3W1dRosk;https://circularity.id/PAN5b67w
10257;807;reserved;circularity.id/b6WeoJ2H;https://circularity.id/nBa2wKEY
10258;808;reserved;circularity.id/tgytDQaM;https://circularity.id/5Bfvhf4k
10259;809;reserved;circularity.id/gj4QxY5p;https://circularity.id/v44r2mNP
10260;810;reserved;circularity.id/8rDJXD54;https://circularity.id/KyfhnaFn
10261;811;reserved;circularity.id/xWF6oyLb;https://circularity.id/msEew4wh
10262;812;reserved;circularity.id/YULEUSMf;https://circularity.id/gWsMsrPr
10263;813;reserved;circularity.id/5JA5uMPV;https://circularity.id/GmzUEKWr
10264;814;reserved;circularity.id/KzxfPEk5;https://circularity.id/KeX3ZnZx
10265;815;reserved;circularity.id/84qVGcXE;https://circularity.id/WiUFgr26
10266;816;reserved;circularity.id/urs33U1x;https://circularity.id/nmiPjJuH
10267;817;reserved;circularity.id/Q1xwD5Cs;https://circularity.id/mR3CWcv3
10268;818;reserved;circularity.id/dpKH9JXr;https://circularity.id/wUii89Yi
10269;819;reserved;circularity.id/p3TgbVRo;https://circularity.id/JJgga17q
10270;820;reserved;circularity.id/N8UdbzRs;https://circularity.id/Q5XtAMuW
10271;821;reserved;circularity.id/Mvpn2WwU;https://circularity.id/qZiKFh74
10272;822;reserved;circularity.id/QLD7RHCj;https://circularity.id/j3V572dM
10273;823;reserved;circularity.id/wtjiRNq3;https://circularity.id/GNQ9bEDc
10274;824;reserved;circularity.id/rexsYXqP;https://circularity.id/6nPf9w8m
10275;825;reserved;circularity.id/B8FzKDMp;https://circularity.id/FuQsRPjt
10276;826;reserved;circularity.id/MBDfQD2j;https://circularity.id/cMPNpfDc
10277;827;reserved;circularity.id/x5v8fKoT;https://circularity.id/ZP33nS4s
10278;828;reserved;circularity.id/v71AP5Sx;https://circularity.id/NXtD3fYq
10279;829;reserved;circularity.id/ybsX787b;https://circularity.id/7oapmbR3
10280;830;reserved;circularity.id/87N5DNAs;https://circularity.id/DAN52kp7
10281;831;reserved;circularity.id/zKqKwnDJ;https://circularity.id/huV2Dbh1
10282;832;reserved;circularity.id/594qgKmt;https://circularity.id/FRKFDEa2
10283;833;reserved;circularity.id/2xXSVMJA;https://circularity.id/bdjRbPUe
10284;834;reserved;circularity.id/AzSstzau;https://circularity.id/kotSRWAE
10285;835;reserved;circularity.id/was5FPN7;https://circularity.id/nCRohchR
10286;836;reserved;circularity.id/Q5rxAHD3;https://circularity.id/jhfjNxyy
10287;837;reserved;circularity.id/7mNn43Jo;https://circularity.id/9MfunW9E
10288;838;reserved;circularity.id/v63f4cKj;https://circularity.id/2fZfj9yw
10289;839;reserved;circularity.id/q4Z7ZqnC;https://circularity.id/qRHvU1uq
10290;840;reserved;circularity.id/CbUyxHDA;https://circularity.id/xq7vT5mg
10291;841;reserved;circularity.id/gzjDSZt9;https://circularity.id/E1NDB2ZQ
10292;842;reserved;circularity.id/Fi363Mca;https://circularity.id/YgUmqEPs
10293;843;reserved;circularity.id/xvDnfrMP;https://circularity.id/hveaDT8e
10294;844;reserved;circularity.id/6UEKJABu;https://circularity.id/cpdsNjjN
10295;845;reserved;circularity.id/usoSYmhi;https://circularity.id/H18SWew8
10296;846;reserved;circularity.id/oSCDE3yW;https://circularity.id/YCd17vDL
10297;847;reserved;circularity.id/Byg1G5v7;https://circularity.id/N8CxPS8N
10298;848;reserved;circularity.id/4CQ2xtwZ;https://circularity.id/fPqVsmdA
10299;849;reserved;circularity.id/Y8Xy1Ski;https://circularity.id/fPJrmb7P
10300;850;reserved;circularity.id/LReyuBdE;https://circularity.id/KnLKsS3W
10301;851;reserved;circularity.id/AxxNPQyh;https://circularity.id/hDqghh9X
10302;852;reserved;circularity.id/9B9rJA3B;https://circularity.id/iifeppUf
10303;853;reserved;circularity.id/e7eYrD71;https://circularity.id/a6DXj9qL
10304;854;reserved;circularity.id/pnhcx6U2;https://circularity.id/kH8wmCTp
10305;855;reserved;circularity.id/th6xupH1;https://circularity.id/jzp11V5W
10306;856;reserved;circularity.id/JVuj48N9;https://circularity.id/5WrVo6f4
10307;857;reserved;circularity.id/JoS1jvAa;https://circularity.id/9nG9MhdZ
10308;858;reserved;circularity.id/V6QDJc1d;https://circularity.id/vsq5WSvs
10309;859;reserved;circularity.id/AtY2XKhf;https://circularity.id/TVgcgh6A
10310;860;reserved;circularity.id/UA6yw6Pw;https://circularity.id/F53gFuom
10311;861;reserved;circularity.id/8dwpJrRE;https://circularity.id/gwN1PoNe
10312;862;reserved;circularity.id/zGSb8vss;https://circularity.id/mr3yt7R1
10313;863;reserved;circularity.id/M1gLDduB;https://circularity.id/7iLtZ9rq
10314;864;reserved;circularity.id/QB8BZBJp;https://circularity.id/kxn4gWHB
10315;865;reserved;circularity.id/Wn7UQxDp;https://circularity.id/4hSpTBvJ
10316;866;reserved;circularity.id/N3NVfkRD;https://circularity.id/pLp5w6ZP
10317;867;reserved;circularity.id/5peJCt4h;https://circularity.id/bZj9TXia
10318;868;reserved;circularity.id/rxy1Yf7z;https://circularity.id/HxQs8wfy
10319;869;reserved;circularity.id/qcz2Qunr;https://circularity.id/hgxRrNQ9
10320;870;reserved;circularity.id/TQR3i5m4;https://circularity.id/xX5vC47G
10321;871;reserved;circularity.id/t3thetaP;https://circularity.id/suyBZVys
10322;872;reserved;circularity.id/YGxGYnF4;https://circularity.id/bUpLRvgF
10323;873;reserved;circularity.id/4KrZ4hAt;https://circularity.id/11o2VzSc
10324;874;reserved;circularity.id/pcPGAVgm;https://circularity.id/E5rXxYhY
10325;875;reserved;circularity.id/kDCdq4jv;https://circularity.id/5LTGuFyt
10326;876;reserved;circularity.id/iyTHRSuv;https://circularity.id/buyQfVp9
10327;877;reserved;circularity.id/ioEFYZUn;https://circularity.id/tYHxhkST
10328;878;reserved;circularity.id/BGRr3tVM;https://circularity.id/hULSx147
10329;879;reserved;circularity.id/UGXhysDT;https://circularity.id/9NeNxdb8
10330;880;reserved;circularity.id/Aysz7zm5;https://circularity.id/M2DnZYHg
10331;881;reserved;circularity.id/2CHbg89t;https://circularity.id/5sX2pXdZ
10332;882;reserved;circularity.id/1aaaUcGw;https://circularity.id/9ptH1Whd
10333;883;reserved;circularity.id/zEThrs5t;https://circularity.id/sJ22njfn
10334;884;reserved;circularity.id/Aa5x1cZi;https://circularity.id/kxNGq3Jf
10335;885;reserved;circularity.id/GqkCrNA5;https://circularity.id/WJV4S6VS
10336;886;reserved;circularity.id/8nBLRSrB;https://circularity.id/KuycBTdH
10337;887;reserved;circularity.id/RDvqwQp4;https://circularity.id/YCM39ERN
10338;888;reserved;circularity.id/KxWCSAN9;https://circularity.id/QdHL4hfy
10339;889;reserved;circularity.id/moCud24u;https://circularity.id/4FYWNfpv
10340;890;reserved;circularity.id/mtpgjtW7;https://circularity.id/9QcDKwmH
10341;891;reserved;circularity.id/3YKyNFaR;https://circularity.id/gPracPtH
10342;892;reserved;circularity.id/NvX63adn;https://circularity.id/47vkKgTG
10343;893;reserved;circularity.id/bg8jag8n;https://circularity.id/rrAv9BDk
10344;894;reserved;circularity.id/Rw8mxAHe;https://circularity.id/mcvE5Jgm
10345;895;reserved;circularity.id/6ZLdkaze;https://circularity.id/P73wpQNg
10346;896;reserved;circularity.id/qTfGukPX;https://circularity.id/7Ek53hQW
10347;897;reserved;circularity.id/Cyio2M64;https://circularity.id/MtDSG9v3
10348;898;reserved;circularity.id/fvrzf2U6;https://circularity.id/y1FWZiZB
10349;899;reserved;circularity.id/2RMYJdGj;https://circularity.id/pTvbmxks
10350;900;reserved;circularity.id/6Y2Q2iPs;https://circularity.id/DMaZzhxX
10351;901;reserved;circularity.id/fHDVWNri;https://circularity.id/Ro6jrqsF
10352;902;reserved;circularity.id/LL9DWdtz;https://circularity.id/QUw3k2dp
10353;903;reserved;circularity.id/Tq8W6xNP;https://circularity.id/fWTub9kh
10354;904;reserved;circularity.id/drgcNrUv;https://circularity.id/hMGrgv55
10355;905;reserved;circularity.id/N7NCE36o;https://circularity.id/V8RUYdPf
10356;906;reserved;circularity.id/o6V8G1Nz;https://circularity.id/WxJcyZtF
10357;907;reserved;circularity.id/JY4E5TQ9;https://circularity.id/AKf1EvRg
10358;908;reserved;circularity.id/ZmK4Ukgn;https://circularity.id/MpavPJi3
10359;909;reserved;circularity.id/oMS371Ci;https://circularity.id/iYoXcJsT
10360;910;reserved;circularity.id/qDpLHT46;https://circularity.id/GhaCRd5j
10361;911;reserved;circularity.id/i6gHJtUy;https://circularity.id/k3WhqAqy
10362;912;reserved;circularity.id/vTEQtxcD;https://circularity.id/1qBzSjZ1
10363;913;reserved;circularity.id/j5urNKA3;https://circularity.id/a7QXafTm
10364;914;reserved;circularity.id/bYt6Ejwt;https://circularity.id/QwjGw2AE
10365;915;reserved;circularity.id/JozHRvAr;https://circularity.id/fuge5tsk
10366;916;reserved;circularity.id/wXH26F7R;https://circularity.id/PasuwmQS
10367;917;reserved;circularity.id/tTjxMuTK;https://circularity.id/EeA2j6PB
10368;918;reserved;circularity.id/MtCaEnHv;https://circularity.id/p3nFxFn3
10369;919;reserved;circularity.id/UeTVAiHf;https://circularity.id/haH7ijqo
10370;920;reserved;circularity.id/5f9ELfJe;https://circularity.id/YVthR5Jk
10371;921;reserved;circularity.id/wCEULQzM;https://circularity.id/jabCvm7s
10372;922;reserved;circularity.id/QGJfBP7H;https://circularity.id/8FDmzf5a
10373;923;reserved;circularity.id/BSNvevi9;https://circularity.id/w3C6Z99Z
10374;924;reserved;circularity.id/qvyeqQXn;https://circularity.id/hbM7yaEe
10375;925;reserved;circularity.id/RSLH8yja;https://circularity.id/2WyUj3Rb
10376;926;reserved;circularity.id/KKrDy5jA;https://circularity.id/vaJ4QZPP
10377;927;reserved;circularity.id/HJGMXmcw;https://circularity.id/1zYw3Az2
10378;928;reserved;circularity.id/PyBg5aXt;https://circularity.id/VgCdg26m
10379;929;reserved;circularity.id/FRGn94My;https://circularity.id/QFEDt3Uf
10380;930;reserved;circularity.id/jQ1VdD36;https://circularity.id/6H6pMZau
10381;931;reserved;circularity.id/zx2scRbK;https://circularity.id/EaFH76dy
10382;932;reserved;circularity.id/Y7itmEXg;https://circularity.id/oT8M4HSg
10383;933;reserved;circularity.id/x5ejb4nk;https://circularity.id/sNXHboK1
10384;934;reserved;circularity.id/wDayxsAf;https://circularity.id/fe2Z73VN
10385;935;reserved;circularity.id/SrdY9if4;https://circularity.id/vmb5vt1S
10386;936;reserved;circularity.id/kqjGyGjN;https://circularity.id/Tkv8seLk
10387;937;reserved;circularity.id/RcSajEyo;https://circularity.id/BoVR8vuL
10388;938;reserved;circularity.id/Ni8idHxF;https://circularity.id/JyeWW7bW
10389;939;reserved;circularity.id/iQ2uiB8y;https://circularity.id/yDEK5uHV
10390;940;reserved;circularity.id/sGSqVKby;https://circularity.id/jjA1bsPf
10391;941;reserved;circularity.id/BbrLXYA8;https://circularity.id/bvZBPtxG
10392;942;reserved;circularity.id/WKLSw85b;https://circularity.id/7H2aJNtc
10393;943;reserved;circularity.id/noYVMczW;https://circularity.id/ugqbjBdc
10394;944;reserved;circularity.id/hEKbSroK;https://circularity.id/bH79QZKx
10395;945;reserved;circularity.id/hJnmqx4i;https://circularity.id/mZGXXaqU
10396;946;reserved;circularity.id/2wXixRmt;https://circularity.id/qVpQEVTV
10397;947;reserved;circularity.id/zkXEPegf;https://circularity.id/jDa83mvh
10398;948;reserved;circularity.id/chEt6PP3;https://circularity.id/yJ9pM15R
10399;949;reserved;circularity.id/cwqHUuFt;https://circularity.id/qWsQvcfL
10400;950;reserved;circularity.id/svwmvrQJ;https://circularity.id/fkDaaTHo
10401;951;reserved;circularity.id/NRG2nZpr;https://circularity.id/kXtu1KEM
10402;952;reserved;circularity.id/J7c5FHta;https://circularity.id/2gNCypkB
10403;953;reserved;circularity.id/i69uyYY5;https://circularity.id/uYzmWyJU
10404;954;reserved;circularity.id/sPDUL4bq;https://circularity.id/PJRE8JXN
10405;955;reserved;circularity.id/kSYLUm3J;https://circularity.id/sVzatfYo
10406;956;reserved;circularity.id/bwaPiTmR;https://circularity.id/jkDoXzDR
10407;957;reserved;circularity.id/akYgg9f2;https://circularity.id/PxGx6ekD
10408;958;reserved;circularity.id/BJxsdubw;https://circularity.id/3smd7iid
10409;959;reserved;circularity.id/gmbC36fZ;https://circularity.id/eJUqadE1
10410;960;reserved;circularity.id/iQfSyctH;https://circularity.id/KAiSY9Vg
10411;961;reserved;circularity.id/uzhk8wLu;https://circularity.id/pcD2nYJj
10412;962;reserved;circularity.id/RdFBBpwi;https://circularity.id/FscTySH1
10413;963;reserved;circularity.id/u25D4ESo;https://circularity.id/F7GXkcDv
10414;964;reserved;circularity.id/FbvARkTe;https://circularity.id/QiUot6Xf
10415;965;reserved;circularity.id/Xc6UbGM5;https://circularity.id/MdpW2Gd2
10416;966;reserved;circularity.id/nm1GZ3Hf;https://circularity.id/j294z9ho
10417;967;reserved;circularity.id/48iR9PSi;https://circularity.id/Pbq2iX5w
10418;968;reserved;circularity.id/nrVs8K7v;https://circularity.id/TgCiWiV2
10419;969;reserved;circularity.id/XudMvJf3;https://circularity.id/UVCiCJDi
10420;970;reserved;circularity.id/ogZTLsgb;https://circularity.id/f8r4jvUP
10421;971;reserved;circularity.id/KSPGfow6;https://circularity.id/h4zA7Gw4
10422;972;reserved;circularity.id/tqmqmJuK;https://circularity.id/hfLnVEtr
10423;973;reserved;circularity.id/hzF5cL6a;https://circularity.id/Tmugrheo
10424;974;reserved;circularity.id/jVp3DRVj;https://circularity.id/5D9PrwGM
10425;975;reserved;circularity.id/zNRsZN8H;https://circularity.id/izFWKEbL
10426;976;reserved;circularity.id/ycnKRixB;https://circularity.id/wZx1u5Uz
10427;977;reserved;circularity.id/K6ukzYce;https://circularity.id/yocE2rkY
10428;978;reserved;circularity.id/VwABY7Ve;https://circularity.id/4ibqoX5R
10429;979;reserved;circularity.id/G3C4LThi;https://circularity.id/QoVPWPFf
10430;980;reserved;circularity.id/VwKnkiQV;https://circularity.id/UgMMqiLP
10431;981;reserved;circularity.id/JDsjpkZA;https://circularity.id/bBXZjWCW
10432;982;reserved;circularity.id/RBDrdzKk;https://circularity.id/Smca18W4
10433;983;reserved;circularity.id/myxdyGxi;https://circularity.id/ZH5twoTp
10434;984;reserved;circularity.id/Wv3sfe4b;https://circularity.id/zD2yJWB7
10435;985;reserved;circularity.id/y9eFsd5g;https://circularity.id/6e5gu8ue
10436;986;reserved;circularity.id/2mTn1R6R;https://circularity.id/eGiMYjnn
10437;987;reserved;circularity.id/ZRUQFB5a;https://circularity.id/f479kJFM
10438;988;reserved;circularity.id/q8Gnx463;https://circularity.id/N9zBEaCV
10439;989;reserved;circularity.id/xLKvANnz;https://circularity.id/vwFTcnrU
10440;990;reserved;circularity.id/hYraxx6S;https://circularity.id/gtNZ1NQP
10441;991;reserved;circularity.id/FWADsSTe;https://circularity.id/4py8afQo
10442;992;reserved;circularity.id/6QMGCRq4;https://circularity.id/zSFdkakz
10443;993;reserved;circularity.id/4YQ5bCzN;https://circularity.id/uwku629n
10444;994;reserved;circularity.id/bUz9GSgM;https://circularity.id/mmem3CVL
10445;995;reserved;circularity.id/r76YyMvx;https://circularity.id/4AgSTBSU
10446;996;reserved;circularity.id/MvtnvNFc;https://circularity.id/xr3kDuPe
10447;997;reserved;circularity.id/WExFo62t;https://circularity.id/hPraMQjo
10448;998;reserved;circularity.id/pevijp57;https://circularity.id/hAWdGdeG
10449;999;reserved;circularity.id/oDLGkEyf;https://circularity.id/3zw6x1nW
10450;1000;reserved;circularity.id/9jZZHT9a;https://circularity.id/yVQczYH7
10451;1001;reserved;circularity.id/jaS2k9qb;https://circularity.id/8upbYh6c
10452;1002;reserved;circularity.id/nDs8vXBn;https://circularity.id/gkT5hHUc
10453;1003;reserved;circularity.id/vqBe2FWf;https://circularity.id/Lkfa5FBE
10454;1004;reserved;circularity.id/mM9Lua34;https://circularity.id/gXaHjYXY
10455;1005;reserved;circularity.id/XmTtTnsV;https://circularity.id/fwLC8Lnr
10456;1006;reserved;circularity.id/XuqMrZMk;https://circularity.id/jh3iWBx4
10457;1007;reserved;circularity.id/edhCw9FU;https://circularity.id/53Jav7Dc
10458;1008;reserved;circularity.id/FbJCBqhm;https://circularity.id/mhu5THn6
10459;1009;reserved;circularity.id/X29CLCuL;https://circularity.id/GrqQqzcV
10460;1010;reserved;circularity.id/zG9h7tMJ;https://circularity.id/LZJjS6qx
10461;1011;reserved;circularity.id/5QdWd63R;https://circularity.id/dkxjunjF
10462;1012;reserved;circularity.id/uMwCwfTM;https://circularity.id/EaHzsB3L
10463;1013;reserved;circularity.id/rUWAprFQ;https://circularity.id/abY3iVw4
10464;1014;reserved;circularity.id/o7PTMFh6;https://circularity.id/XJhayN4V
10465;1015;reserved;circularity.id/msWnzcfY;https://circularity.id/ikEJcoYM
10466;1016;reserved;circularity.id/VaeY6ZnW;https://circularity.id/NUkKvuoq
10467;1017;reserved;circularity.id/bYRE8WVw;https://circularity.id/JYwcZqd7
10468;1018;reserved;circularity.id/tkch23t7;https://circularity.id/BCNEkZkF
10469;1019;reserved;circularity.id/BAJvUvzM;https://circularity.id/Q64bNyEW
10470;1020;reserved;circularity.id/AShbgsvu;https://circularity.id/3X1S57Wq
10471;1021;reserved;circularity.id/HMTtkqWn;https://circularity.id/f1x7v1TU
10472;1022;reserved;circularity.id/ZDEWPtGF;https://circularity.id/L2AFDrFi
10473;1023;reserved;circularity.id/eSosfFgJ;https://circularity.id/oCUB1r8V
10474;1024;reserved;circularity.id/Ka5tQ5eM;https://circularity.id/2XBQvoi8
10475;1025;reserved;circularity.id/2vsPpk3u;https://circularity.id/wWa1dJfP
10476;1026;reserved;circularity.id/tn5BToBS;https://circularity.id/jtMiqADf
10477;1027;reserved;circularity.id/Rjtp9ABG;https://circularity.id/dUdyPz95
10478;1028;reserved;circularity.id/FvMLRzHd;https://circularity.id/5otfbRnb
10479;1029;reserved;circularity.id/32tPBZ9m;https://circularity.id/d1AiyKKT
10480;1030;reserved;circularity.id/oy3pnFTi;https://circularity.id/jTx1AkMN
10481;1031;reserved;circularity.id/LZAuvmDF;https://circularity.id/jWAB6Ltt
10482;1032;reserved;circularity.id/fHs5QGME;https://circularity.id/gxrzfNCx
10483;1033;reserved;circularity.id/sCqa2MH3;https://circularity.id/NJNGJySM
10484;1034;reserved;circularity.id/xzCMSDwY;https://circularity.id/r1aoagGH
10485;1035;reserved;circularity.id/M6ZY3uPs;https://circularity.id/RZNd2aKF
10486;1036;reserved;circularity.id/hx2BTYR5;https://circularity.id/VxRK6PBL
10487;1037;reserved;circularity.id/qDp3vUsd;https://circularity.id/KQuB3rJ3
10488;1038;reserved;circularity.id/T3LC6rqT;https://circularity.id/NFosuGks
10489;1039;reserved;circularity.id/DL1iM6js;https://circularity.id/By3jrK67
10490;1040;reserved;circularity.id/bhvY8CTP;https://circularity.id/HLMcau4M
10491;1041;reserved;circularity.id/rvCmzEhZ;https://circularity.id/2U5zqByA
10492;1042;reserved;circularity.id/AsV52fzY;https://circularity.id/MZMbHzZe
10493;1043;reserved;circularity.id/HVauB4dV;https://circularity.id/1Fmxfxc9
10494;1044;reserved;circularity.id/TRvyDMfe;https://circularity.id/3EHogUmK
10495;1045;reserved;circularity.id/G2ef5vEK;https://circularity.id/QT3ihxtX
10496;1046;reserved;circularity.id/vAz74SVG;https://circularity.id/RnmXpEmu
10497;1047;reserved;circularity.id/St55mNCM;https://circularity.id/CvuXiQmM
10498;1048;reserved;circularity.id/kQiuhSxK;https://circularity.id/GfQFv2Nb
10499;1049;reserved;circularity.id/6nW39XLX;https://circularity.id/HQGDcDuN
10500;1050;reserved;circularity.id/se9WHtAb;https://circularity.id/jXukDJjb
